sentence,true_label,pred_label
Ese sinvergüenza siempre me pide dinero.,spa,spa
Tom pensó que Mary no sería capaz de ganar más de treinta dólares por hora.,spa,spa
¿Dónde estás trabajando?,spa,spa
Tengo ganas de decirle alguna barbaridad.,spa,spa
"Tus dos pechos, como gemelos de gacela, que se apacientan entre lirios.",spa,spa
Mi hermano estudió en Inglaterra.,spa,spa
Tom knows that I hate spinach.,eng,spa
Los fantasmas no existen.,spa,eng
¡Jala!,spa,spa
Is there anyone you can trust in this cold place?,eng,spa
We'll be home tomorrow night.,eng,eng
I'm gonna call the police!,eng,eng
I waited for him till ten.,eng,spa
Tom said he thought that Mary probably wouldn't win.,eng,spa
Acabo de volver a la ciudad.,spa,spa
"Si mañana hace buen tiempo, vayamos de paseo.",spa,spa
Tom likes electronic dance music.,eng,spa
"The bill's correct, thank you.",eng,spa
The doctors were wrong to condemn the couple.,eng,spa
Sami empezó a leer a los tres años.,spa,spa
¡Mil gracias!,spa,eng
Yo sé que no siempre es fácil.,spa,spa
Tom seems distraught.,eng,eng
Él está celoso de su talento.,spa,spa
"Con un poco de planificación, creo que podemos llevar a nuestra compañía a la cima.",spa,spa
You look awesome!,eng,eng
Mary said she had no other details.,eng,spa
El racismo arraiga en la desconfianza y el desprecio por los hombres que se distinguen en la apariencia física y la cultura.,spa,spa
"Has engordado, ¿verdad?",spa,spa
¿Tom me mencionó?,spa,spa
"Whose documents are these? ""They are Michael's.""",eng,eng
This isn't Tom's office.,eng,spa
Mi sueño es ser profesor.,spa,eng
Tom has gone insane.,eng,spa
Tom and Mary say they won't do that unless John helps them.,eng,spa
Los granjeros tienen graneros.,spa,spa
Perdón pero estoy buscando a mi hermana. ¿Está aquí? No la he visto por un par de horas desde que llegamos.,spa,spa
Es muy difícil llevarse bien con él.,spa,spa
"Puede que Tom no quiera cantar, pero aun así deberías preguntarle.",spa,spa
¿Cómo me has encontrado?,spa,spa
"Makes you think, doesn't it?",eng,eng
Nadie vio el pájaro volar.,spa,spa
El libro de Jack es interesante.,spa,spa
Pregunta en el bar a ver si tienen wifi.,spa,spa
They know that they ought to do that.,eng,eng
What software do you use the most often?,eng,eng
Puede besar a la novia.,spa,spa
"Tom is doing well so far, isn't he?",eng,spa
I know Tom wasn't the first one to do that.,eng,eng
Neither Esperanto nor Interlingua employ double negative.,eng,spa
I am convinced that something is happening between them.,eng,spa
Luces muy contenta.,spa,spa
Se ha detenido a un hombre inocente por error.,spa,eng
I'm from Israel.,eng,spa
I cannot thank him enough.,eng,spa
Everybody is ready.,eng,spa
Tom has gotten fatter.,eng,eng
Él rechazó el plan.,spa,spa
Utah has some beautiful national parks.,eng,spa
Mary is going to do that the way you told her to.,eng,spa
He hecho una lista de los alimentos que no puedo comer.,spa,eng
Fadil was sentenced to death for the killing of a young girl.,eng,spa
¡Ven aquí!,spa,eng
Cualquier comentario será agradecidamente apreciado.,spa,spa
"Meanwhile from neighbouring Tenedos once more, / beneath the tranquil moonbeam's friendly care, / with ordered ships, along the deep sea-floor, / back came the Argive host, and sought the well-known shore. / Forth from the royal galley sprang the flame, / when Sinon, screened by partial Fate, withdrew / the bolts and barriers of the pinewood frame, / and from its inmost caverns, bared to view, / the fatal horse disgorged the Danaan crew.",eng,spa
The jack of diamonds.,eng,spa
Sería fantástico tener un jardín zen delante de mi casa.,spa,spa
The breakfast cafe will kill me sooner than later.,eng,eng
Su pregunta no tiene relación al tema.,spa,spa
Winter is approaching.,eng,spa
What's gotten into you anyway?,eng,spa
It's serious.,eng,spa
Tom no ha venido a trabajar esta mañana.,spa,spa
Let's send Tom a Christmas card this year.,eng,spa
Tom seemed a little too eager to do that.,eng,eng
Of course he passed the test.,eng,eng
Layla was working as a dispatcher.,eng,eng
Tom says he believes he can do that.,eng,eng
Tengo que ir a una reunión.,spa,spa
¿Qué pasó contigo y Tom?,spa,spa
Tom no sabe por qué te llamé.,spa,spa
Tuve que pagar 5 dólares de más.,spa,spa
¿Cuándo y dónde compraste ese reloj antiguo?,spa,spa
Would it be all right if I let Tom do that?,eng,eng
Tom was starting to feel a little uncomfortable.,eng,spa
Siempre cometes errores.,spa,spa
Soy epiléptico.,spa,spa
Yo no compro ni bombones ni galletas.,spa,spa
Speed isn't everything.,eng,spa
Have I done something wrong?,eng,spa
I hope Tom doesn't waste our time.,eng,spa
No me costó encontrar su oficina.,spa,spa
En mi casa hay fantasmas.,spa,spa
Creo que estoy enamorada de él.,spa,spa
No he visto a nadie aparte de ti.,spa,spa
Dime por qué hablas tan alto.,spa,spa
I doubt if he will succeed.,eng,spa
What is polite in one culture may not be polite in another.,eng,eng
What did Tom write about?,eng,eng
¿Quién es la persona sentada en la otra punta de la mesa?,spa,spa
Mary hid behind her large sunglasses.,eng,spa
No disparen antes de que dé la orden.,spa,spa
Tom and Mary said that they were unconvinced.,eng,spa
No sabía que el auto de Tom estaba robado.,spa,spa
Tom didn't tell anyone he was planning to do that.,eng,eng
Jim me ha señalado algunos errores gramaticales en la redacción.,spa,spa
I think Tom and Mary wouldn't be forgiven for doing that if they weren't so young.,eng,spa
Los jóvenes hicieron fila para comprar las entradas del show.,spa,spa
Tom reads nothing but fiction.,eng,spa
Todo lo que es inventado es verdadero.,spa,spa
Yo propuse que nos fuésemos a pescar.,spa,spa
Ella perdió la llave de su casillero mientras nadaba en la alberca.,spa,spa
He's too old.,eng,spa
Lo mejor es ir regularmente al dentista.,spa,spa
"Él bebió tres vasos de aquella agua, uno detrás de otro.",spa,spa
It's all you really can do.,eng,spa
There is food on the desk.,eng,eng
Oigo todo.,spa,spa
Los programadores están intentando reproducir el error para poder corregirlo.,spa,spa
Tom and I've known each other quite a few years.,eng,spa
Tom called off his trip.,eng,spa
This is not a book for children.,eng,spa
Learning English isn't difficult.,eng,eng
Stop defending Sami.,eng,spa
"Cuando el semáforo está parpadeante, tienes que mirar bien.",spa,spa
Los terremotos pueden ocurrir en cualquier momento.,spa,spa
It was raining when we arrived.,eng,spa
Las señales tienen colores diferentes.,spa,spa
That happens to be true.,eng,spa
I tossed one to Tom.,eng,spa
And pigs might fly!,eng,spa
¿Sabías que a Tom no le gusta el chocolate?,spa,spa
"La sala era tan grande como para contener a más de 1,000 personas.",spa,spa
"Tom wasn't able to do that, but Mary was.",eng,spa
I don't think that what Tom did was easy.,eng,spa
He said that he lost his temper.,eng,eng
Ustedes hacían como si no fuera nada.,spa,spa
Do you know what it means when a man presents a ring to a woman?,eng,spa
Quiero quedarme en casa.,spa,spa
"Who swings too high, achieves nothing.",eng,spa
Are you really going to Australia next month?,eng,spa
Tom was in the center of the room.,eng,spa
Could you please call and give Tom my apologies?,eng,spa
It's already happening.,eng,spa
My name is Farshad.,eng,spa
That's outstanding.,eng,spa
Estás en mi corazón.,spa,spa
It's so great to finally meet you.,eng,spa
Éramos amigos.,spa,spa
El señor Smith le hizo algunos juguetes.,spa,spa
No permitas que Tom lo haga.,spa,spa
Sami reported Layla missing after just a few hours.,eng,spa
That Prof.'s talk is driving me up the wall.,eng,spa
¿Vivirás en Sasayama en año que viene?,spa,spa
Everybody was out to get me.,eng,spa
Tom is only pretending that he's having fun.,eng,spa
¿Podría decirme cómo se llega a la estación más cercana?,spa,spa
Seamos felices.,spa,spa
Él habló con gran entusiasmo.,spa,spa
She said she wanted to go sailing.,eng,spa
"Acepta este pequeño obsequio, por favor.",spa,eng
"Sigues enamorada de Tom, ¿verdad?",spa,spa
Tom and Mary have a lot in common.,eng,spa
Ayer fui a ver el partido de béisbol.,spa,spa
I didn't think Tom would be lonely.,eng,spa
"Las enfermedades víricas son muy difíciles de tratar, porque no existen fármacos eficaces contra virus.",spa,spa
Finish your drink.,eng,eng
Pensé que querrías ayudarme.,spa,spa
The only one who can tell us what we need to know is Tom.,eng,spa
El padre le estaba ayudando a su hijo a armar la pista en miniatura.,spa,spa
Who sent her?,eng,eng
"If you know Spanish well, you'll have no problems with looking for a job. But some with finding one.",eng,spa
I don't like popcorn.,eng,eng
Nothing beats the pleasure of mutual understanding when using a foreign language.,eng,spa
I got your address from Tom.,eng,spa
My mother gets up earlier than I do.,eng,spa
"Él, al igual que yo, es miembro del club.",spa,spa
Tom and Mary said that they wanted to do that.,eng,eng
Derogaron la legislación laboral en contubernio con las autoridades corruptas.,spa,spa
Esto es un harpa.,spa,spa
Ella tiene unos 2.000 libros.,spa,spa
"Si necesitas un préstamo, dímelo.",spa,spa
Vivo en Japón.,spa,spa
Su marido es amigo mío.,spa,spa
"¿Este computador es tuyo, no es así?",spa,spa
Siempre soy el último en saber.,spa,eng
Había bellos cuadros en aquella pared.,spa,spa
No tengo ningún problema con mi mujer.,spa,eng
Él fue suspendido porque se comportó mal.,spa,spa
Usted tomó demasiado.,spa,spa
Tom le juró a María amor eterno.,spa,spa
La suya es una respetable familia con una larga historia detrás.,spa,spa
I can smell what you're smelling.,eng,spa
Ella puso su cabeza sobre mi pecho para escuchar los latidos de mi corazón.,spa,spa
¿Estás de acuerdo en que ahora deberíamos irnos?,spa,spa
Escuché a Tom murmurándose a sí mismo mientras lavaba los platos.,spa,spa
Esperaba que me contaras todo tú mismo.,spa,spa
My girlfriend is crying.,eng,spa
How does this help any of the victims?,eng,spa
I want to be at today's meeting.,eng,spa
"Having failed several times, he succeeded at last.",eng,eng
Nunca matamos a nadie.,spa,spa
We're going to eventually find out the truth.,eng,spa
Tom quiere que me una a su grupo.,spa,spa
¿Tienes hermanos o hermanas?,spa,spa
"She is not at all a beauty, but she has an unspeakable charm.",eng,spa
Me golpeé muy fuerte la cabeza contra la pared.,spa,spa
No pienso que sea una buena idea.,spa,spa
Tom casi de desmayó del calor.,spa,eng
I had the same problems.,eng,spa
Tom doesn't want anything bad to happen.,eng,spa
Cuídate mucho por favor.,spa,eng
Cantaba mientras caminaba.,spa,spa
A veces los críticos no saben lo que critican.,spa,spa
Tom was a kid when that happened.,eng,spa
She studied Chinese in order to translate her books into this language.,eng,spa
Edison was an inventive genius of the United States.,eng,spa
Cierra el cajón.,spa,spa
"You're not really planning on going, are you?",eng,spa
Le dimos el dinero a Mary.,spa,spa
Luzco como una persona diferente.,spa,spa
"It seemed so real, but I guess it was just a crazy dream.",eng,spa
Lo confesó todo.,spa,spa
She knows that she has a problem.,eng,spa
Mary said she thinks she can take care of herself.,eng,spa
Sami said he was attacked by an octopus.,eng,spa
I want to give him a present for his birthday.,eng,spa
Ella lo perdonó por matar a su padre.,spa,spa
Dígale a la muchacha que haga las camas.,spa,spa
Lo único que quiero hacer es ir a pescar.,spa,spa
I didn't think anybody was satisfied.,eng,spa
Mary said she wouldn't be able to help weed the garden today.,eng,spa
Él vino a ayudarme.,spa,spa
Tom no quiere que compartas esta información con nadie.,spa,spa
Él siempre presta atención al comportamiento de sus hijos.,spa,spa
I haven't lost my mind.,eng,spa
No pretendo ser egoísta.,spa,spa
Embarcaré mi equipaje primero.,spa,spa
Ese chiste es mío.,spa,spa
Mary didn't help us like she said she would.,eng,spa
I think that Tom looked happy.,eng,spa
Él mintió acerca de eso.,spa,spa
El Año Nuevo se acercaba.,spa,spa
It's a crazy market.,eng,eng
El espíritu corporativo es más un triunfo que una cualidad.,spa,spa
¿Dónde compraste ese libro?,spa,spa
Tom also was very sick.,eng,eng
¿Te puedo presentar al señor Johnson?,spa,spa
¿Puedo ir a nadar esta tarde?,spa,spa
They reneged on the agreement.,eng,eng
Tom's a heavy sleeper and didn't hear the intruder smash the lounge room window.,eng,spa
Tom regresó a Australia.,spa,spa
Es inútil que digas nada.,spa,spa
Please put the milk in the refrigerator.,eng,eng
A un ángulo de 90 grados se le llama un ángulo recto.,spa,spa
Tom had other work to do.,eng,spa
Mary drove past Tom's house on her way home from work.,eng,eng
"By the time my father retires, he will have worked for almost thirty years.",eng,spa
Estoy cosechando centeno.,spa,spa
Can you spare some change?,eng,spa
Tom escuchó a Mary.,spa,spa
He went there to learn English.,eng,spa
A storm is going to batter Brittany in the coming hours.,eng,spa
No puedes quedarte aquí todo el día.,spa,spa
He doesn't really care about me.,eng,spa
Tom is lying face down on the bed.,eng,spa
Soy torpe.,spa,spa
Look up.,eng,spa
No se puede oír sonido algún en la sala de conciertos.,spa,spa
¡Quédense quietos! El bebé está durmiendo.,spa,spa
I told Tom and Mary not to do that the way they were doing it.,eng,eng
Tom put his fork down.,eng,spa
Vi un perro. El perro llevaba un trozo de carne en la boca.,spa,spa
You've made three errors.,eng,spa
Él volvió a casa tras una larga ausencia.,spa,spa
Estábamos llevando demasiada ropa.,spa,spa
Maybe Tom should tell Mary.,eng,spa
Tom was already here.,eng,spa
¿Qué está ocultando?,spa,spa
El profesor entregó los exámenes.,spa,spa
Mis ojos se humedecieron cuando la vi en su vestido de novia.,spa,spa
El comportamiento de Viernes muestra su total sumisión y devoción hacia Robinson porque el inglés le salvó de los caníbales.,spa,spa
"Como estaba nublado, no pudieron disfrutar la vista.",spa,spa
You must know Tom very well.,eng,spa
I want you to look out the window.,eng,spa
It's not a smoking device.,eng,spa
Tom may be amused by what's going on.,eng,spa
I need a good reason not to kill you.,eng,spa
How foolish I was not to discover that simple lie!,eng,eng
It's out of the question for me to leave my job.,eng,spa
Potatoes are very versatile.,eng,spa
"Puedes correr, pero no puedes ocultarte.",spa,spa
Lo necesitas.,spa,spa
Tenéis muchos amigos.,spa,spa
"Unfortunately, I don't have time today.",eng,spa
Do you mind if I use your bike?,eng,spa
Nadie la creerá.,spa,eng
The two of them carried Fadil's body.,eng,spa
My answer may surprise you.,eng,spa
We found a stream and swam a little bit.,eng,eng
"Perspecticide is often part of a strategy of coercive control that may include manipulation, stalking, and physical abuse. Abusers make their partners narrow their worlds.",eng,spa
La masa de los planetas se calcula según la ley de la atracción universal.,spa,spa
You should be more careful at a crosswalk.,eng,eng
Wine is made from grape juice.,eng,spa
Your memory is good.,eng,spa
We are traveling to France by air.,eng,eng
They aren't as old as they look.,eng,eng
The Japanese tend to identify themselves with the group they belong to.,eng,spa
He was in a hurry to see his father.,eng,eng
What's Tom doing in there?,eng,spa
I would like to mention one more thing.,eng,spa
Los boxeadores tienen que pesarse antes de una pelea.,spa,spa
Él perdió el reloj que había comprado el día anterior.,spa,eng
This town isn't large.,eng,spa
Los estudiantes hicieron el trabajo por sí mismos.,spa,spa
Nos levantamos pasada la medianoche.,spa,spa
The waiters bumped into each other.,eng,eng
"Nancy, aquí hay una carta para ti.",spa,spa
What does this word mean?,eng,spa
Do your homework now.,eng,spa
Me resultó difícil ponerlo en práctica.,spa,spa
Tom knew that I'd be on time.,eng,spa
Lots of girls like Tom.,eng,spa
Le hablo a mi gato en español.,spa,spa
Todavía no sé qué regalarles a los niños.,spa,spa
This bird can fly.,eng,spa
I think there's somebody in here.,eng,spa
Tom is still in Australia.,eng,spa
Mary and Alice are like brothers.,eng,spa
I heard Tom and Mary talking about John.,eng,spa
Es bueno para el negocio.,spa,spa
Tom es capitán del equipo de fútbol y está en el equipo de béisbol también.,spa,spa
Levanten la mano los que entendieron.,spa,spa
Mi madre cree que soy inteligente.,spa,spa
No puede asistir a clase porque está enferma.,spa,spa
No es una historia muy graciosa.,spa,spa
El planeta más cercano al Sol es Mercurio.,spa,spa
No sé si ella te gusta o no.,spa,spa
He makes fun of everybody.,eng,spa
Muchas cosas suceden acá al apagar las luces.,spa,spa
I really think I'd like to be a minister's wife when I grow up.,eng,spa
Would you like another apple?,eng,spa
"When the house is renovated and refurnished, all that he will need will be a wife to make it complete. Between ourselves, there are pretty clear signs that this will not be wanting if the lady is willing, for I have seldom seen a man more infatuated with a woman than he is with our beautiful neighbour, Miss Stapleton.",eng,spa
I have never met my children.,eng,spa
Había una piedra en medio del camino.,spa,spa
Aren't you going to introduce me?,eng,spa
How many days a week do you see Tom?,eng,spa
Encontré a Tom bastante entretenido.,spa,spa
Why should I speak French?,eng,spa
Do you know of any inexpensive stores?,eng,spa
I don't have time to travel.,eng,spa
Llegó atrasado en 30 minutos.,spa,spa
Es sólo una intoxicación alimenticia.,spa,spa
"I didn't know what to say, but I called her anyway.",eng,spa
Sami was expecting Layla to do something.,eng,spa
The police detected the spy.,eng,spa
Él nunca ha jugado a golf.,spa,spa
Los autos eléctricos se están popularizando.,spa,spa
What do we do now?,eng,spa
You're trying my patience.,eng,spa
"Lo entiendo un poco, pero no puedo hablarlo.",spa,spa
I couldn't help staring at her.,eng,eng
"Levántate de una vez, sino vas a llegar tarde al colegio.",spa,spa
Gonzalez's first double fault came at the most inopportune moment when he was down a set point.,eng,eng
Tom and Mary said they'd wait and see.,eng,spa
"Dr. Patterson: ""¡En absoluto! Koko nos ha enseñado que los gorilas son lo suficientemente inteligentes como para aprender el lenguaje de signos"".",spa,spa
Las ventanas correderas ocupan menos sitio.,spa,spa
Mary told me that she was frustrated.,eng,spa
Tom bought something for Mary.,eng,spa
"No teníamos cinta aislante, así que usamos tela adhesiva.",spa,spa
Tom figured it out on his own.,eng,spa
Do you support or oppose this idea?,eng,spa
"Virtud es la suma de las cosas que no hemos hecho por flojera, cobardía o estupidez.",spa,spa
Al crecer muchas cosas dejan de fascinarnos.,spa,spa
El árbol empuja sus ramas por todas partes.,spa,spa
El ☭ es un símbolo del comunismo.,spa,spa
I thought that Tom was your younger brother.,eng,eng
"Si no te das prisa, llegarás tarde al colegio.",spa,spa
¿Creés que haya algún planeta similar a la Tierra?,spa,spa
Tom told me that he wanted to leave.,eng,spa
"I like that university, but it's too near my home.",eng,spa
¿No podrías llevarme hasta mi casa en coche?,spa,spa
Tom no le temía a la muerte.,spa,spa
Tom was sitting three tables away from us.,eng,spa
Ella cambió su comportamiento durante estos dos años.,spa,spa
Le voy a dar una mano a Tomás.,spa,spa
I informed Tom that I did that.,eng,eng
Yo ya había comido antes de llegar a la fiesta.,spa,spa
When do Tom and Mary plan to go?,eng,spa
She's getting married next month.,eng,spa
I've been waiting for you.,eng,spa
Lo haré como me has enseñado.,spa,spa
No one is going to tell Tom that he can't do that.,eng,eng
No es así como me siento.,spa,spa
Ésta es mi vieja bicicleta.,spa,spa
That was positive.,eng,spa
Ahora no sabemos qué hacer.,spa,eng
Tom es un joven.,spa,spa
It's going to be difficult for Tom to win.,eng,spa
Aprendió a ser paciente.,spa,spa
Sami practised medicine.,eng,spa
Tom tomó un bocado y después lo escupió.,spa,spa
I've gone lo-fi.,eng,spa
You know how much I appreciate your expertise.,eng,spa
¿Cuántos colores son?,spa,spa
I don't think Tom and Mary have health insurance.,eng,spa
I'm likely to feel like doing that tomorrow.,eng,spa
Tom estuvo en Boston por una semana.,spa,spa
Ella me robó.,spa,spa
El hotel se incendió.,spa,spa
Tom is supposed to know how to do that.,eng,eng
Aquí tengo el mapa.,spa,spa
¿Quién escribió esto?,spa,spa
Tom and Mary told me that they want to win.,eng,spa
You should consider studying French.,eng,spa
Lo que tenemos es suficiente.,spa,spa
Tom said he thought you wouldn't do that.,eng,eng
Sami and Layla have started to drift apart.,eng,eng
I knew you looked familiar.,eng,spa
Deja que Tom lo cargue.,spa,spa
"Los ojos pueden volverse selectivos, ignorando parte de lo que hay, y el cerebro a veces insiste en ver cosas que no existen en absoluto.",spa,spa
She is fond of painting a picture.,eng,spa
The northernmost part of the city is a maze of alleys.,eng,spa
I'll rinse your mouth out with soap!,eng,eng
Tom sabe pelear.,spa,eng
I was afraid that I might not be able to do it correctly.,eng,spa
Everyone worked according to one's capacity.,eng,spa
Do you actually go to dancing class?,eng,spa
I intend to study abroad next year.,eng,spa
No tiene ganas.,spa,spa
Ella había nacido en el Toboso.,spa,spa
"Por alguna de esas casualidades, ¿tiene una aspirina?",spa,spa
Debo pagar mis deudas.,spa,spa
Lo hicimos de acuerdo a sus instrucciones.,spa,spa
"Tom and Mary are very dedicated, aren't they?",eng,spa
Indonesia consists of many islands and two peninsulas.,eng,spa
Everybody except Tom knew that he didn't have to stay in Boston.,eng,spa
Sami made Layla an offer too good to refuse.,eng,spa
Sami spent the obly money he got on pizza.,eng,spa
Miles de personas fueron a la playa a ver al delfín.,spa,spa
Tomás nunca trabaja los domingos.,spa,spa
Mi hermana se tatuó una estrella en el pie izquierdo.,spa,spa
¿A qué hora te sueles despertar?,spa,eng
Have you told him what to buy?,eng,spa
No he leído todos los libros.,spa,spa
"Además, era un momento mágico de simbiosis total.",spa,spa
Tom and Mary told me that they don't know what that is.,eng,spa
Es una pena que haya muerto tan joven.,spa,spa
No entiendo el furor por el fútbol.,spa,spa
Empleo cincuenta minutos en almorzar.,spa,spa
La obra me salió hasta barata. Yo creía que iba a tener que gastarme mucho más.,spa,spa
"The King's son, who was told that a great princess, whom nobody knew, had come, ran out to receive her.",eng,eng
Would you please close that window?,eng,spa
Él recogió un pañuelo del suelo.,spa,spa
Anteayer le envié un e-mail a Tom pero no he recibido respuesta hasta ahora.,spa,spa
It's the easiest thing to remember.,eng,eng
Let me tell you why I did that.,eng,eng
How did you become blind?,eng,spa
Tom and Mary said they didn't want to talk about school.,eng,spa
I work as Mr. Eliot's assistant.,eng,eng
Viajaba en un coche.,spa,spa
Mary drank a whole bottle of wine by herself.,eng,spa
¿Cuántos kebabs vas a tomar?,spa,spa
No hay ninguna razón para perder la calma.,spa,spa
Your room is big.,eng,spa
It becomes a vicious circle.,eng,spa
Me disfracé de policía.,spa,spa
I'm hoping to finish in the top ten.,eng,spa
That isn't what I said.,eng,spa
Have you already eaten something?,eng,spa
I didn't tell Tom I grew up in Australia.,eng,spa
She will get over the shock soon.,eng,spa
They want us to follow them.,eng,spa
Solo quiero ir a dormir.,spa,eng
Jet Li es una estrella de cine chino.,spa,spa
Debí agradecerte.,spa,spa
I wish we had a candle or something.,eng,spa
About how many hours does it take to get from here to Boston?,eng,spa
What was Tom working on?,eng,spa
I know what those are used for.,eng,eng
No quiero cambiar.,spa,spa
Sami heard Layla banging on the door.,eng,eng
Tom and Mary are trying their best.,eng,eng
Ha cogido un catarro horrible.,spa,spa
I doubt that Tom would do that.,eng,eng
¿Te has reunido ya con ella?,spa,spa
Hay demasiados anuncios publicitarios en YouTube.,spa,spa
Won't Tom ever come back?,eng,eng
Were you to know the fact you would be surprised.,eng,spa
Ya casi he terminado el informe.,spa,spa
Where will you be tomorrow?,eng,spa
Parece que la convivencia no nos sirvió de nada.,spa,spa
Tom told me he spoke French.,eng,spa
La suma de dos más tres más cuatro es nueve.,spa,spa
He'll freeze to death out here.,eng,spa
Me reí a carcajadas cuando vi aquello.,spa,spa
Tom and Mary are almost done.,eng,spa
We're sick of your complaining.,eng,spa
Do you think Mary wears smart clothes?,eng,spa
Me pregunto dónde está Tomás.,spa,spa
Él le indicó el camino.,spa,spa
He moved the table aside.,eng,spa
I plan to throw all of this away. You may take whatever you like.,eng,spa
Lo que has dicho no tiene ni pies ni cabeza.,spa,spa
Japan tried to revive itself.,eng,spa
They probably don't know.,eng,spa
Le dio algo de dinero.,spa,spa
I'm getting a little drunk.,eng,eng
I need to buy a new pair of shoes.,eng,spa
¿Qué es eso que está ahí?,spa,spa
Estos vasos son guays.,spa,spa
Sami was at the scene of the murder.,eng,eng
Mary said she didn't feel like eating.,eng,spa
"¡Qué desastre, se te cae todo! ¡Tienes unas manos de mantequilla!",spa,spa
Peleo casi todos los días.,spa,spa
It might be a good idea to get some sleep.,eng,spa
Quiero unirme a ti.,spa,spa
The flowers in the vase are roses.,eng,spa
I would never eat anything that Tom makes.,eng,spa
I'll phone you.,eng,spa
We have high expectations.,eng,spa
"If the people knew by what small men they are ruled, they would soon rebel.",eng,spa
EEUU es rico en petróleo.,spa,spa
¿Por qué los lobos aúllan?,spa,spa
"No matter what Tom wears, he always looks great.",eng,eng
"Todos estamos en la cuneta, pero algunos estamos mirando a las estrellas.",spa,spa
Dile que salí a quienquiera que llame ahora.,spa,spa
¿Sabes qué quiero decir?,spa,eng
Do you know where the hospital is?,eng,spa
Tom drank a glass of milk.,eng,eng
Probamos la comida que había preparado Mary.,spa,spa
Tom and Mary are back home.,eng,spa
Vivo a un lado del mar así que seguido voy a la playa.,spa,spa
He always takes his time in everything that he does.,eng,spa
It can't get worse.,eng,spa
I have learned to work with Tom.,eng,spa
I think Tom won't be worried.,eng,spa
"La próxima vez que te hagas el arrogante en mi casa, te saco afuera a las patadas sin miramientos.",spa,spa
Hoy tengo que bailar contigo.,spa,spa
La belleza es ese misterio hermoso que no descifran ni la psicología ni la retórica.,spa,spa
Siempre llega a tiempo a una cita.,spa,spa
"No, no tengo periódico.",spa,spa
I know that Tom will like doing that by himself.,eng,spa
El borracho del pueblo siempre la está armando.,spa,spa
"El proyecto, financiado por el Gobierno americano, costó alrededor de $4 millones.",spa,spa
Tom and Mary felt they didn't have a choice.,eng,spa
Hablemos en inglés.,spa,spa
This novel has been published in French as well.,eng,spa
Él discutía con su hijo respecto al problema.,spa,spa
Sami wasn't rich back then.,eng,spa
She is leaving for the United States tonight.,eng,eng
I thought that Tom might stop by this afternoon.,eng,spa
Sami's test was super easy.,eng,spa
No one correctly predicted the repercussions of these policies.,eng,spa
Get ready for bed.,eng,spa
La calle está pavimentada.,spa,spa
Tom se pasó toda la noche buscando en la Web fotos de gente famosa.,spa,spa
La situación política ha cambiado.,spa,spa
Los niños hacen muchas estupideces.,spa,spa
Atrapé el balón con una mano.,spa,spa
Odia viajar en avión.,spa,spa
Mi nombre es Duŝana.,spa,spa
Sami listens to Christian music.,eng,spa
Ella fue arrestada por la policía.,spa,spa
Mañana no hay clases.,spa,spa
Me encantaría saber cómo pasó.,spa,spa
¡No te rindas!,spa,eng
Por favor vuélvete y fíjate en mí.,spa,spa
They say that they like marigolds.,eng,spa
It was very nice meeting you.,eng,spa
They adore him.,eng,spa
Intenté protegerte.,spa,spa
Do you know her personally?,eng,spa
Creo que todos sabemos las reglas.,spa,spa
Estoy tan feliz por ustedes dos.,spa,spa
I don't need a shoeshine.,eng,spa
You should phone your mother as soon as you can.,eng,spa
I used to swim every day when I was a child.,eng,spa
Florence was damaged during World War II.,eng,spa
Sami processed the payment.,eng,eng
I hope you will be quite well again before long.,eng,spa
Acabo de comer sushi y beber cerveza.,spa,spa
"You're not going to wear that, are you?",eng,spa
Women are often objectified and treated like property.,eng,spa
Mary said she thought she knew what had caused the accident.,eng,eng
Preferiría no hacerlo.,spa,spa
Tom doesn't have a driver's license.,eng,spa
Tom and Mary told me they're pessimistic.,eng,spa
They are going to get married in the town hall.,eng,spa
Terrace farming is widely practiced in the mountainous regions of China.,eng,spa
Ella me dio un buen consejo.,spa,spa
Tom and Mary thought they could do that if they had some help.,eng,spa
I have a grandson in Boston.,eng,spa
I went as far as Kyoto by train.,eng,spa
I'd like to try something new.,eng,spa
Tom will probably be doing that early tomorrow morning.,eng,spa
Veré si él está adentro.,spa,spa
Cayeron dos bombas en la ciudad.,spa,spa
"At least four were killed in the explosion of a car bomb outside a police station in the capital, Nairobi.",eng,spa
Tom knew he might be allowed to do that by himself.,eng,spa
I don't think that Tom knows where Mary went to school.,eng,spa
He knows precisely what he's doing.,eng,spa
I took advantage of every opportunity to improve my English.,eng,spa
Lo siento. Eso es todo lo que realmente recuerdo.,spa,spa
Tom was fairly nervous.,eng,spa
Me pregunto si vendrá mañana.,spa,spa
Hay sangre en el agua.,spa,spa
Sé lo que ella ha dicho.,spa,spa
Tom looked as if he were ready to cry.,eng,spa
Tom denies using any such tactics.,eng,spa
Mis padres están en Australia.,spa,spa
Lo que ella me dijo ayer fue una mentira inocente.,spa,spa
No quedaron para nuestro país sino lamentos y miserias.,spa,spa
Tom is supposed to be here in thirty minutes.,eng,spa
Sami knows Layla is angry with him.,eng,spa
Los nudistan consideran al nudismo como algo normal.,spa,spa
No quiero cuidar a un perro.,spa,spa
They thanked God.,eng,spa
There is a crate under the table.,eng,spa
No hay cura para las pesadillas.,spa,spa
Tom said he didn't want to argue about this anymore.,eng,spa
¿Te gustaría otro trozo de pastel?,spa,spa
Una de cada 455 mujeres no se da cuenta de que está embarazada hasta la vigésima semana de embarazo.,spa,spa
Tom pulled a key out of his pocket and unlocked the door.,eng,eng
I knew Tom was afraid.,eng,spa
He looked for the key to the door.,eng,eng
Sabes dónde está el problema.,spa,spa
I never expected things would turn out like this.,eng,spa
Tom wondered why Mary wouldn't eat.,eng,eng
¿Puedes creerme?,spa,spa
Me di cuenta que estaba enfermo en el mismo momento en que lo vi.,spa,spa
Mary ran to get her camera.,eng,spa
Me desperté de una pesadilla.,spa,spa
The boy ran home.,eng,spa
El alumno se fue sin decir nada.,spa,spa
It was determined that the picking of one's nose is a completely normal act for adolescent boys.,eng,spa
Tom and Mary did everything they could to stop John from doing that.,eng,eng
Fui a un concierto.,spa,spa
Mi gato se está escondiendo abajo de la cocina.,spa,spa
¡Olvidé la cámara!,spa,spa
Tom and Mary didn't know that I was supposed to help them do that.,eng,eng
Never forget that you owe what you are to your parents.,eng,spa
Only some questions have answers.,eng,spa
Sami fell in the bathroom and hit his head.,eng,spa
Veré en qué puedo aun ayudar.,spa,spa
Does anyone else have a problem with that?,eng,eng
I think that Tom has high blood pressure.,eng,spa
"Si hubiera tenido un poco más de dinero, lo habría comprado.",spa,spa
No puedo tocar el piano.,spa,spa
Mi padre es empleado de una empresa.,spa,spa
Le ha salido extraordinariamente bien.,spa,spa
Ella no tiene ordenador.,spa,eng
Sami visited Layla at her dance studio.,eng,spa
Does she smoke?,eng,spa
"When we arrived at the port, the wind subsided.",eng,spa
The army abandoned the town to the enemy.,eng,spa
Pensaba que eso era obvio.,spa,spa
Mi primo tiene el pelo rubio y rizado.,spa,spa
"Esta tarde, Mike ha llegado tarde a la reunión, lo cual sucede con frecuencia.",spa,spa
"Según la persona entrevistada, la región es mayoritariamente rural.",spa,spa
"Colón, Ericson y Magallanes entraron una vez en un bar. Sólo Colón salió de él.",spa,spa
Es la primera vez que he derribado un árbol.,spa,spa
Asociamos a Darwin con la teoría de la evolución.,spa,spa
La corteza es la parte exterior del pan.,spa,spa
Tom is likely to still be up.,eng,spa
"En las fuerzas militares de Colombia, las ""lagartijas"", lo que ustedes llaman ""push-ups"" en inglés, ni siquiera tiene nombre. Un comandante simplemente te ordena ""¡A tierra! ¡Veintidós!"" y uno ya sabe que tiene que hacer veintidós lagartijas.",spa,spa
Le quitaron un riñón.,spa,spa
No sé qué caerá en el examen.,spa,spa
El fin del mundo está cerca.,spa,spa
Creo que el amor existe.,spa,spa
"Today is a ""the morning"", that you have been looking forward to.",eng,spa
He killed himself by taking poison.,eng,spa
I can't believe I finally managed to do it.,eng,eng
Ven a cantar conmigo.,spa,spa
Careful! The floor is slippery.,eng,spa
"Por favor, váyase.",spa,spa
Encontré la situación de la ciudad en el mapa.,spa,spa
What hurts the most is that you didn't feel you could tell me the truth.,eng,spa
El escándalo casi le arruinó la carrera.,spa,spa
Tom and Mary said they thought they could do that by themselves.,eng,spa
Los detalles del acuerdo quedan establecidos en el contrato.,spa,spa
Loosen it.,eng,eng
Tom and Mary were able to do that better than I thought they would.,eng,spa
I think Tom is very cool.,eng,spa
His behavior was theatrical.,eng,spa
¿Quieres emborracharte?,spa,spa
Is this man your friend?,eng,spa
Su historia era demasiado tonta para que alguien la creyera.,spa,spa
This work is enough to break my back.,eng,eng
"Fortunately, my son quickly adjusted to life in his new school.",eng,spa
Tengo más hambre que Dios talento.,spa,spa
Tom and Mary could travel together.,eng,eng
Tienes unos niños muy monos.,spa,spa
Le pidieron a su hermano que les ayudara con su tarea.,spa,spa
Coman todo.,spa,spa
It's very upsetting.,eng,spa
Don't meddle in my affairs.,eng,spa
Sami and Layla hit the year mark.,eng,eng
Su respuesta fue negativa.,spa,spa
¿Ya probaste el té de hojas de menta?,spa,spa
I think that Tom would like you to do that for Mary.,eng,spa
Tom died in the evening of the day he and Mary got married.,eng,spa
Resolver la ecuación cubica 𝑥³ + 2𝑥² − 𝑥 − 2 = 0.,spa,eng
We're getting ready to do that.,eng,eng
I don't think Tom and Mary want to go swimming with us.,eng,spa
Yo creo que ella tiene 40 años.,spa,spa
Él confesó que se había enamorado de mí.,spa,spa
Tom said that he thought that the pilot was drunk.,eng,eng
"In many African countries south of the Sahara, poverty exists.",eng,spa
A menudo me invade una intensa fatiga.,spa,spa
Spain's game has been desperate.,spa,spa
Tom thought Mary didn't drive a car.,eng,spa
Me interesa mucho el fútbol.,spa,spa
I told you I was coming.,eng,spa
Everybody was staring at him.,eng,spa
Sami admitted that he was having an affair with Layla.,eng,spa
Tú estás bien.,spa,spa
El río Amazonas se vierte al Oceano Atlántico.,spa,spa
"Here at Tatoeba, we have documented Tom's life from cradle to grave in meticulous detail.",eng,spa
Be careful while traveling.,eng,spa
¿Por qué está aquí la policía?,spa,spa
Debe usted luchar contra esa tendencia que tiene.,spa,spa
Tom se marchó ileso.,spa,spa
I did as I was told.,eng,spa
Quiero contártelo todo.,spa,spa
Mom is washing the dog because he's dirty.,eng,spa
Quiero que sepas que te amo.,spa,spa
Tom says he needs to ask Mary where she put his camera.,eng,spa
There is no reason for this fear.,eng,eng
Tomás dice que no es verdad.,spa,spa
I didn't have as much trouble finding a job as I thought I would.,eng,spa
Tom and Mary said that they were really discouraged.,eng,spa
Tom and John never discuss their work with their wives.,eng,spa
Mary told us she'd do that again.,eng,spa
I think that jacket would fit me.,eng,spa
Tom didn't seem to be concentrating.,eng,spa
Mi pareja viajó a un pequeño pueblo la semana pasada.,spa,spa
El perro no se comió la carne.,spa,spa
"Si me llama cuando no estoy, por favor, dile que le devolveré la llamada.",spa,spa
¡Feliz Día de la Victoria!,spa,spa
Entrega tu tarea el lunes.,spa,spa
I'm going to Boston tomorrow.,eng,spa
Tienes que hacer el trabajo aunque no te guste.,spa,spa
How did you know my name?,eng,spa
You have just boosted my self-esteem.,eng,spa
I told Tom I thought you were in Australia.,eng,spa
La carne sabe mal.,spa,spa
Esto es cosa tuya.,spa,spa
We haven't been to Boston in a long time.,eng,spa
Anoche tuve una extraña experiencia.,spa,spa
Mary realized she had been unreasonable.,eng,spa
¿Cómo es que siempre estás tan lleno de energía?,spa,spa
Make your way to the dining table! Dinner is served.,eng,spa
Can you play well?,eng,spa
Nunca estás en casa.,spa,spa
How do I know I'm not the only person who experiences consciousness?,eng,spa
They're eating high on the hog.,eng,spa
He said that he wasn't unhappy.,eng,spa
Tom may not be thirsty.,eng,spa
Los borrachos a menudo hacen cosas estúpidas.,spa,spa
Hagamos eso.,spa,spa
No quiero que lo disfrutes.,spa,spa
Tom said that Mary didn't look much like her mother.,eng,eng
I didn't think that we could take that risk.,eng,eng
Debes amar a tu madre.,spa,spa
¿Cuál es tu flor preferida?,spa,spa
She said she wanted to talk to you.,eng,spa
Don't let the cat out of the bag.,eng,spa
Do you know if Tom and Mary are doing that now?,eng,spa
I didn't expect any gift.,eng,eng
Tom slept with his shoes on.,eng,spa
Tom has agreed to do that for us.,eng,spa
¿Alguien está ahí?,spa,spa
La comida era tan buena que comí demasiada.,spa,spa
El huevo es uno de los alimentos que contienen más proteínas.,spa,spa
"She looks bad-tempered, but she is kind at heart.",eng,eng
Esto está mejor.,spa,eng
Sami had breakfast at a McDonald's.,eng,spa
Deja mi coche en paz.,spa,spa
It's easy to cut cheese with a knife.,eng,spa
I was having a bad day.,eng,spa
No tiene la más mínima vergüenza.,spa,spa
Is there anything you have to do today?,eng,spa
"¿Cómo estás, Tom?",spa,spa
Háblame en inglés.,spa,spa
I'm in prison for a crime I didn't commit.,eng,eng
Parece que estoy perdido.,spa,spa
Él quedó satisfecho.,spa,spa
I traveled all around Russia.,eng,spa
Tom is going to go swimming this afternoon.,eng,spa
Tom se levanta cada mañana a las seis horas.,spa,spa
Una taza de café fuerte me ayuda a despertarme.,spa,spa
Tom told me that he didn't want to come home empty-handed.,eng,spa
Los rayos ultravioleta son dañinos para nosotros.,spa,spa
Sami was the last to leave the store.,eng,spa
¿Por qué sueles sacarte cera de las orejas?,spa,spa
Supongo que tuve suerte.,spa,spa
I get along with all my brothers.,eng,spa
Llegó lo más pronto que pudo.,spa,spa
La muchacha leyendo un libro es Kate.,spa,spa
I'm pretty sure Tom was the person who did that.,eng,eng
Ella puede conocer los hechos.,spa,spa
Up to now they have worked very hard.,eng,spa
Un terremoto puede ocurrir en cualquier momento.,spa,spa
Esos días jugábamos al béisbol después de la escuela.,spa,spa
Comí mi almuerzo deprisa y entonces volví al trabajo.,spa,spa
Mi camisa es naranja.,spa,spa
"Ya que no tienes nada que ver con este asunto, no tienes de qué preocuparte.",spa,spa
"That didn't surprise you, did it?",eng,eng
You should have gone to Boston.,eng,spa
Alguien me dejó un mensaje de voz pero era todo incomprensible. No pude entender ni una cosa.,spa,spa
I'm studying English.,eng,spa
I didn't know that Tom was the one who was supposed to do that.,eng,eng
"Ya no estás solo, Tom.",spa,spa
No es bueno estar sentado todo el día.,spa,spa
"Sígueme, y te enseñaré el camino.",spa,spa
Eres quisquilloso.,spa,spa
She's sound asleep in her room.,eng,spa
¿Eres miembro de algún club?,spa,spa
Soy un aburrido.,spa,spa
You'll definitely fail if you don't study more.,eng,spa
¿Sabes cuál es el secreto de Tom?,spa,spa
Why are you watching this clip?,eng,spa
"Disculpa, no escuché, ¿cómo te llamas?",spa,spa
"¿Te acuerdas de cuando las banderas eran reconocidas automáticamente en Tatoeba? Es cierto que a veces el sistema fallaba, ¡pero lo echo tanto de menos!",spa,eng
"En los días lindos de verano, los niños jugaban hasta tarde en la noche al aire libre.",spa,spa
I thought that I'd do that.,eng,eng
Tom's last year in Australia was 2013.,eng,spa
"Quien sea que haya hecho el último comentario, por favor váyase ahora.",spa,spa
Lo hizo bien en los negocios.,spa,spa
Tu hija se mete droga en el cuerpo.,spa,spa
I don't usually get to my office until about nine-thirty.,eng,spa
Tom didn't tell me he planned to wait until Monday to do that.,eng,eng
Me asusté y empecé a gritar.,spa,eng
Lift your right arm.,eng,spa
Tom doesn't have anything in his bag.,eng,spa
"In 2013, Tom moved his family to Boston.",eng,spa
I didn't know you used to live in Boston.,eng,spa
What surprised me was that Tom didn't seem happy.,eng,spa
Tom told me that he thought that Mary would be grumpy.,eng,spa
He put on a hat.,eng,eng
Do you know why Tom doesn't like Mary?,eng,spa
Tom says he hasn't seen Mary for three months.,eng,spa
El joven es bastante adecuado para el puesto.,spa,spa
No queremos ningún problema.,spa,spa
¡Lentamente!,spa,eng
Tom siempre come antes de irse a trabajar.,spa,spa
A él le gusta mucho su escuela.,spa,spa
I shouldn't have let you go.,eng,spa
Él dijo que estaba cansado.,spa,spa
Esa moto tiene cambio automático de marchas.,spa,spa
I hope I wasn't boring.,eng,spa
You're not very likely to succeed this time either.,eng,eng
Tom no salió el fin de semana pasado.,spa,spa
"Thanks to the opportunity, we were able to avoid substantial effort.",eng,eng
Where's Tom's stuff?,eng,spa
"If anybody calls, tell them I'll be back at 2:30.",eng,eng
Tom may never walk again.,eng,spa
It's been a long time since I've sung that song.,eng,spa
Tom sometimes plays tennis with Mary.,eng,spa
I suggest you do that as soon as possible.,eng,spa
Este libro es acerca de las estrellas.,spa,spa
¡Qué mentira!,spa,spa
Él estaba yendo hacia el colegio.,spa,spa
"La discriminación es un hecho social, no una sensación.",spa,spa
Cathy dejó de recoger flores.,spa,spa
"Los hombres infelices, como los hombres que duermen mal, siempre están orgullosos de ello.",spa,spa
I want you to come home now.,eng,spa
Te demostraré que estoy en lo cierto.,spa,spa
I'd like you to be my guest tonight.,eng,eng
He respects his only sibling.,eng,spa
There's no class today.,eng,spa
I remember last night well.,eng,spa
Nos gustaría una habitación doble con baño.,spa,spa
I don't speak to Tom.,eng,spa
Entonces puedes también tú esperar hasta el jueves.,spa,spa
"Although I know a lot about Mary, I haven't actually met her.",eng,eng
Don't mention our plan to anybody.,eng,spa
Tom no tiene mucho tiempo libre.,spa,spa
¿Viste la televisión anoche?,spa,spa
How long will you wait?,eng,eng
Writing in Roman letters is bad for the brain (health) of Japanese learners.,eng,spa
Os he dejado una nota.,spa,spa
Las chicas están locas.,spa,spa
I am looking forward to seeing you again.,eng,spa
"Even before the plastic surgery, Mary wasn't unattractive.",eng,spa
Mary probably just didn't know she was supposed to do that.,eng,eng
We have an appointment.,eng,eng
Hice una máscara aterradora en clase de arte.,spa,spa
Once you light the fuse you'll have fifteen seconds to get to safety.,eng,spa
Let's not ease up now.,eng,spa
El río se salió de madre.,spa,spa
Estoy cultivando rosas en el jardín.,spa,spa
Sami didn't want to miss the bus.,eng,spa
I don't think I'll need to say anything.,eng,spa
Tom le dijo a Mary que nunca había conocido a John.,spa,spa
"Will you go, too?",eng,spa
"Yeah, you're right.",eng,eng
How did you do that without any help?,eng,spa
No se podía hacer nada aparte de esperar.,spa,eng
Shortly after they had gone to bed they were suddenly alarmed by a fearful crash in the hall.,eng,spa
They forced him to sign the letter.,eng,eng
I thought I recognized this place.,eng,spa
Mi casa está detrás de ese puente.,spa,spa
Tom and Mary told me that they were confused.,eng,spa
Let's go for a bike ride.,eng,spa
My dream is to speak Chinese fluently.,eng,spa
"Es tu cumpleaños hoy, ¿verdad?",spa,spa
I don't know if I can cope with it.,eng,eng
Él demostró poco interés en los libros y la música.,spa,spa
El subte estaba tan lleno que había unas cinco personas por metro cuadrado.,spa,spa
¡No se olvide!,spa,eng
You never cease to impress me.,eng,spa
They say they're going to stop smoking.,eng,spa
Ella es un genio.,spa,spa
Estuvimos en el tren durante diez horas.,spa,spa
No le costó resolver el problema.,spa,spa
Sami called the police immediately.,eng,spa
Nunca he estado en Europa.,spa,spa
Her performance was painfully cringeworthy.,eng,spa
Tom said that Mary was sure that John would do that.,eng,eng
"No matter how humble it may be, home is home.",eng,spa
I'll drive you back to your hotel.,eng,spa
¿Quién es tu amiga?,spa,spa
"Ser rico no significa tener dinero, sino gastarlo.",spa,spa
You should have asked Tom for permission to do that.,eng,eng
"Reino Unido sólo tiene de unido su nombre, y aparte de Inglaterra, todos los otros miembros se han ""unido"" a la fuerza.",spa,spa
A prism decomposes light.,eng,eng
"El cerdo hormiguero tiene poderosas extremidades y garras afiladas, así que puede hacer una madriguera bajo tierra a alta velocidad.",spa,spa
Vale. Estoy de acuerdo.,spa,spa
¿Estás liado este próximo lunes?,spa,spa
He denied he said that.,eng,eng
I don't think Tom did anything.,eng,spa
I decided that I was going to work as hard as I can.,eng,spa
"Humans are supposedly rational animals, but make most decisions based on gut feeling.",eng,spa
Debes hacer lo que te parece correcto a ti.,spa,spa
"A decir verdad, conduje el auto de mi padre sin su permiso.",spa,spa
I fell in love with Tom and was so happy for a time.,eng,spa
Tom says he doesn't want a girlfriend.,eng,spa
"Nadie sabe de quién era el cadáver, o de dónde vino.",spa,spa
Me pagaron primero.,spa,spa
You will not speak to me like that.,eng,eng
I was quite wrong.,eng,spa
a ⨯ b puede ser abreviado como ab.,spa,spa
Los perros policía son una buena manera de combatir el tráfico de drogas en los aeropuertos.,spa,spa
Ella le echó mucho de menos.,spa,spa
Tom was with us the entire time.,eng,spa
¿Has hablado con ella?,spa,spa
This jam is homemade.,eng,spa
I told you you had to go home. Why are you still here?,eng,spa
Tom tried to look calm.,eng,spa
Modere usted sus ímpetus.,spa,spa
"Por favor, pásame la pimienta.",spa,spa
Hace tres semanas que está enferma.,spa,spa
Ella no puede vivir sin él.,spa,spa
Can I get a goodnight kiss?,eng,spa
You shall not use this form while speaking American English.,eng,spa
I think that Tom is insightful.,eng,spa
Los tres miraron a Tom.,spa,spa
Tom didn't intend to let Mary drive.,eng,spa
Todo era muy emocionante para mí cuando visité España por primera vez.,spa,spa
"Si es condenado, tendrá que pagar una multa.",spa,spa
I never work on Sunday.,eng,spa
I don't love anybody more than I love you.,eng,spa
The colony declared independence.,eng,spa
"When Tom and Mary first told me that, I didn't believe them.",eng,spa
"El mismo ímpetu de carácter que hace de un hombre un audaz villano, de haberse hecho útil para la sociedad, esa sociedad sería bien organizada.",spa,spa
"Estoy en el camino a la victoria ahora. Por favor, consideren votar por mi. Soy Bernie Sanders y hay peores opciones.",spa,spa
¡Estoy hasta los cojones de esa pequeña idiota!,spa,spa
¿Sabes tocar el violín?,spa,spa
At Tatoeba you teach in the most efficient way possible — through examples.,eng,spa
No insinúo nada.,spa,spa
¡Ya era hora de que te bañaras!,spa,eng
Sami didn't enjoy it.,eng,eng
Who lost face?,eng,spa
Ella detesta esperar mucho.,spa,spa
Me acuerdo de una historia que me contó mi abuela.,spa,spa
Tom said that Mary wanted to do that as soon as possible.,eng,spa
Tom didn't know what was wrong.,eng,spa
Try to read as many books as you can when young.,eng,spa
This furniture was expensive.,eng,spa
Don't worry. It's not important.,eng,eng
"Muéstrame tu rostro, hazme oír tu voz; porque dulce es la voz tuya, y hermoso tu aspecto.",spa,spa
What kind of person would treat their pet that way?,eng,spa
Mary has made up her mind.,eng,spa
Viajar es un lujo que no me puede permitir.,spa,eng
The man denied that he took the money.,eng,spa
This place is hideous.,eng,spa
War leads to intolerance; intolerance leads to war.,eng,spa
Where did she buy it?,eng,eng
Ella le hizo una tarta de manzana a su marido.,spa,spa
Do you think Tom will die?,eng,spa
Did you enjoy staying in Hokkaido?,eng,spa
Tom se tropezó con Mary de camino a la escuela.,spa,spa
Joy was mingled with sorrow.,eng,spa
Los prejuicios son lo que los tontos usan como razones.,spa,spa
Layla was an artistic and brilliant girl.,eng,spa
We'd better hurry.,eng,spa
"Cuando llegue, el concierto estaba por terminar.",spa,eng
We both know Tom did that.,eng,eng
Tom got a tetanus shot after being bitten by a dog.,eng,spa
Creo que tenéis razón.,spa,spa
I was a constant torment to my parents.,eng,spa
Vivimos en el sexto piso.,spa,spa
Mi nombre es conocido por todos en nuestra ciudad.,spa,spa
¿Cuándo paró la lluvia?,spa,spa
No puede creerlo.,spa,spa
Tom is still pretty groggy.,eng,spa
Deberías ir a darle las gracias personalmente.,spa,spa
Cumplimos la orden del capitán al pie de la letra.,spa,spa
"In Hawaii, one can swim in the ocean all year round.",eng,spa
Tom and Mary don't remember doing what everybody says they did.,eng,spa
There is no logical reason for this.,eng,spa
Él es una persona muy agradable.,spa,spa
Averigüemos quién mató a Tom.,spa,spa
He knows how to connect his computer to the Internet.,eng,eng
"The walls of the palace were formed of drifted snow, and the windows and doors of the cutting winds.",eng,spa
"Apenas llega el cartero, él sale corriendo a recoger su correo.",spa,spa
I thought that you might like this book.,eng,eng
I think both Tom and Mary are lying.,eng,spa
When would you like to have your coffee?,eng,spa
Lincoln estaba de acuerdo en que todos los esclavos debían ser liberados.,spa,spa
Yumi estudia inglés arduamente.,spa,spa
I'm an old man.,eng,spa
Él está demasiado borracho para irse conduciendo a su casa.,spa,spa
Tom broke his jaw.,eng,spa
I'm not going to tell.,eng,spa
I was naughty.,eng,spa
Sami's neighbors are relatively nice.,eng,spa
Me estaba preguntando si ibas a aparecer hoy.,spa,spa
Bill fue tarde a la escuela como de costumbre.,spa,spa
Te mostraré la mejor forma de hacerlo.,spa,spa
Everyone says the food in this restaurant is both delicious and inexpensive.,eng,spa
How can we refuse?,eng,spa
He broke his leg skiing.,eng,spa
Me quiero ir a dormir.,spa,eng
Ese vestido me gusta mucho.,spa,spa
It's OK if the teacher makes fun of you.,eng,spa
"Tom is smarter than Mary, isn't he?",eng,spa
Nadie creyó a Kevin porque él siempre se inventa las historias.,spa,spa
Keep an eye on Tom.,eng,spa
Los niños a menudo intentan imitar a sus mayores.,spa,spa
Spanish used to be the Philippines' official language.,eng,spa
Layla overheard Sami talking on the phone with his mistress.,eng,spa
"El código moral del fin del milenio no condena la injusticia, sino el fracaso.",spa,spa
Three people were found murdered in Dan's home.,eng,spa
No se puede vivir solo del aire.,spa,spa
Estaba aburrido así que di vueltas por la ciudad.,spa,spa
La oración que está leyendo no existe.,spa,spa
No hay nada que hacer.,spa,eng
The instructions are on the package.,eng,spa
Tom was bewildered.,eng,spa
Tom asked me to do his homework for him.,eng,spa
Tom dyed his hair gray so he'd look older.,eng,eng
Hablaré sobre ese incidente.,spa,spa
Each horse is different.,eng,eng
Tenemos algo.,spa,spa
Its bark is worse than its bite.,eng,spa
It was an amazing movie.,eng,spa
The day is breaking soon.,eng,spa
Hoy Tom está muy ocupado.,spa,spa
Tom is a wealthy Boston businessman.,eng,spa
Yo hago básicamente lo mismo que Tom.,spa,spa
Tom quiere que yo planee la boda.,spa,spa
Tom no tiene que escuchar lo que Mary diga.,spa,spa
Tom was a soldier's soldier.,eng,eng
En la tierra como en el cielo.,spa,spa
Alessia no puede hablar inglés.,spa,spa
The airfield on the island is now covered with weeds.,eng,spa
I clean up my room every Sunday.,eng,spa
We'll be leaving shortly.,eng,spa
No pueden verme contigo.,spa,spa
Mary knows you didn't eat the cake she baked for you.,eng,spa
Should I ask Tom for help?,eng,spa
Tom and I should be the ones who do that.,eng,eng
Don't tell him you're lost.,eng,eng
Tom miente peor que Mary.,spa,spa
El gato ha empezado a actuar extraño.,spa,spa
I have no clue.,eng,spa
He suppressed his anger.,eng,eng
¿Por qué vino a casa temprano?,spa,spa
I'm sometimes a bit absent-minded.,eng,spa
Tengo que mandar a reparar la tele.,spa,spa
"Tom and Mary didn't want to do that, but they said they had to.",eng,spa
Mi padre siempre ha comido en este restaurante.,spa,spa
En todas las cosas de la naturaleza hay algo maravilloso.,spa,spa
Tom estaba como cucaracha en baile de gallina.,spa,spa
Ya no recuerdo las palabras exactas.,spa,spa
No podemos hacerlo.,spa,spa
Ella dice que vendrá.,spa,eng
No me prestes atención.,spa,spa
Sami showed his wife much affection.,eng,spa
Why aren't you dancing?,eng,spa
Tom apagó las luces.,spa,spa
Who told Tom to hug Mary?,eng,spa
Tom es feliz ahora.,spa,spa
You are responsible.,eng,spa
Tom said that Mary ought to do that.,eng,eng
Are you healthy?,eng,spa
Tom's rowboat capsized.,eng,spa
A menudo juego al tenis con ella.,spa,spa
"Las bacterias solo son diminutas células, inofensivas.",spa,spa
"Mary is resourceful, isn't she?",eng,spa
You should've been a little more patient.,eng,eng
Tom cogió el autobús para ir a la escuela.,spa,spa
"You don't think that's going to happen, do you?",eng,spa
But Love wanted to make a match of his own devising.,eng,spa
I can speak Irish with reasonable fluency.,eng,spa
I don't think that you should do that today.,eng,spa
"The older I become, the less I understand.",eng,spa
Tom and his son worked together.,eng,eng
Must I take this lesson?,eng,spa
Layla attached to Sami strongly.,eng,spa
Apple tried hard to design beautiful hardware.,eng,spa
I've been writing letters all morning. I've written ten and still haven't finished.,eng,spa
Compramos mobiliario nuevo.,spa,spa
Tom me dijo que ya no quería a Mary.,spa,spa
How happy are you?,eng,spa
Isn't it a beautiful day?,eng,spa
Telegraph us when you get to Boston.,eng,spa
Tom moved here from Australia three years ago.,eng,spa
Estoy cansado de esperar.,spa,eng
They won't let anyone into their houses.,eng,spa
La cogió del pelo.,spa,spa
Tom can't speak French well.,eng,spa
Yo ya te dije todo lo que sabía.,spa,spa
What are your reasons?,eng,spa
Tom ate a crocodile.,eng,spa
¡Qué lástima!,spa,spa
¿Dónde estás ahora?,spa,spa
Are Tom and Mary finished eating?,eng,spa
I didn't know Tom wouldn't be there.,eng,spa
Is Tom feeling better?,eng,eng
I can hear your voice.,eng,spa
Hoy en día no hay ninjas o samuráis en Japón.,spa,spa
Tom and Mary said they'd do that if I did.,eng,spa
"Por favor, no discuta.",spa,spa
Nos comemos a la gallina que nos pondría huevos de oro.,spa,spa
Live not for time but for eternity.,eng,spa
Anote esto.,spa,spa
I'm really glad to have met you and that we became friends.,eng,spa
Tengo que ver a Tom.,spa,spa
Esa montaña está cubierta de nieve.,spa,spa
I think Tom would be annoyed if you did that.,eng,eng
Consideramos como un derecho legítimo de los ciudadanos tener bibliotecas públicas.,spa,spa
"Estaré feliz cuando llegue al hotel, porque solo dormí dos horas la noche anterior.",spa,eng
Harry couldn't keep up with the class.,eng,spa
I can explain this in detail if you want me to.,eng,spa
"Las brujas no lloran, susurró en voz baja.",spa,spa
Tom and Mary both have new bicycles.,eng,spa
Tom was too afraid to go into the cave.,eng,spa
I'm not used to doing this.,eng,spa
Este diccionario me fue muy útil.,spa,spa
Tom does look really tired.,eng,spa
¿Cómo supiste que estaba allí?,spa,spa
Stay tuned. Our live stream will return shortly.,eng,spa
He has to get up immediately.,eng,spa
Él no pudo participar en el partido debido a un mal resfriado.,spa,spa
¿Sabes agarrar los palillos chinos?,spa,spa
I know Tom decided to do that.,eng,eng
Él ya no habla más conmigo.,spa,spa
Mi respuesta es una pregunta.,spa,spa
¿Sabes cómo cocinar carne?,spa,spa
Sami didn't like to sleep alone.,eng,spa
Are you going to tell me the truth?,eng,spa
Tom doesn't plan to go anywhere tomorrow.,eng,spa
What I mean is that there are limits that need to be established and respected.,eng,spa
It's not safe in the city centre after midnight on weekends because of all the drunks roaming the streets.,eng,spa
I can put it back in the drawer if you want.,eng,eng
Entiendo que alguien tiene que contarle a Tom lo de la muerte de Mary. ¿Tengo que ser yo?,spa,spa
Tom va a la escuela a pie.,spa,spa
Lo sé con mi corazón.,spa,spa
Lo miraré.,spa,spa
Don't make fun of old people.,eng,spa
Tom oyó por casualidad a Mary hablar acerca de él.,spa,spa
I met Bob and Mary while I was waiting for Kate.,eng,spa
Él se acercó al chico que estaba leyendo un libro.,spa,spa
"It's three hundred miles to London, give or take ten.",eng,eng
"¡Desde hoy solo comida saludable, no más comida chatarra para mí!",spa,spa
No te vayas a los extremos.,spa,spa
Está empeorando cada vez más.,spa,spa
He deposited a lot of money in the bank.,eng,eng
Tom le preguntó a Mary qué quería hacer realmente.,spa,spa
I totally agree with his definition of friendship.,eng,spa
When was the last time you used this pair of skis?,eng,spa
Él despertó echado en una banca en el parque.,spa,spa
Whose turn is it to give the dog a bath?,eng,spa
"They have, among them, ruined our plan.",eng,spa
I always said that Croatia is the country of marvels.,eng,spa
Mi hermana me ha hecho una bonita muñeca.,spa,spa
Everyone knows that Tom doesn't like Mary.,eng,spa
¡No saltéis!,spa,eng
I will carry out my aim at any expense.,eng,spa
Hay quienes viven su afición con más devoción que si fuera una religión.,spa,spa
There's a dictionary on top of the desk.,eng,eng
I'm sorry that you had to get dragged into this.,eng,spa
¿No lo sabías?,spa,spa
We really shouldn't have done that.,eng,eng
"Even the wealth of the wide sea will be diminished, if the cloud that has drawn (its waters) up gives them not back again (in rain)",eng,eng
Yo era inquieto.,spa,spa
Ayer Tomás me escribió más de treinta mensajes.,spa,spa
La lámpara vieja dio una luz tenue.,spa,spa
The boy was speechless when talking to a girl.,eng,spa
Tenemos que pensar sobre esto un poco más.,spa,spa
Yo podría votar por Tom.,spa,spa
That sounds like a bad idea.,eng,spa
Mary says she'll win.,eng,spa
Tom isn't strong enough to lift that.,eng,eng
Tuvo pesadillas.,spa,spa
Can we find anybody that knows this town?,eng,spa
Sé que Marco ha estado enfermo.,spa,spa
Tom is probably eating right now.,eng,spa
Si yo fuera tú.,spa,spa
Tom's lonely.,eng,spa
You're three years older than I am.,eng,spa
Has your father ever been to Africa?,eng,spa
The stage was lit from both sides.,eng,spa
El nuevo método era todo menos ideal.,spa,spa
¿Cuál es la fruta más deliciosa de Japón?,spa,spa
Tom gritó por ayuda.,spa,spa
De vez en cuando él me hace una visita.,spa,spa
Mary is dating two guys at the same time.,eng,spa
A veces el sacrificio es necesario.,spa,spa
Vamos a intentar tratar a los demás con respeto.,spa,spa
El periódico refleja la opinión pública.,spa,spa
No tenía más de cinco dólares.,spa,spa
Tom and Mary told John that they didn't want to study French.,eng,spa
Él caballerosamente lleva nuestras bolsas.,spa,spa
Dale a Tom su vuelto.,spa,spa
Tom and Mary play bridge.,eng,spa
Tom said Mary knew John might not be allowed to do that.,eng,eng
Order now.,eng,spa
Nosotros vivimos cerca de una gran biblioteca.,spa,spa
I'm sure Tom and Mary know what they're doing.,eng,spa
"Tom is an art critic, isn't he?",eng,spa
¡Maldito truhan! ¿De verdad creías que me ibas a engañar?,spa,spa
¿Por qué estás tan asustada? ¿Qué has visto?,spa,spa
How well does Tom speak French?,eng,spa
Mary says she wants to do everything by herself.,eng,spa
"Mary is never going to quit, is she?",eng,spa
Where will you have lunch today?,eng,spa
¿Quién hizo este plan?,spa,spa
Lithium-ion batteries are a class of batteries that uses redox reactions involving lithium.,eng,spa
It's a very strange process.,eng,spa
Tom thinks he's a good driver.,eng,eng
Do everything at your own risk.,eng,eng
No sos más burro por falta de calcio.,spa,spa
"A veces nuestro destino semeja un árbol frutal en invierno. ¿Quién pensaría que esas ramas reverdecerán y florecerán? Mas esperamos que así sea, y sabemos que así será.",spa,eng
Su amiga no ha venido.,spa,spa
Me dijo que tengo una sonrisa bonita.,spa,spa
"All of us, except him, went.",eng,eng
This textbook has a lot of notes.,eng,spa
We all did well.,eng,spa
Sólo tienes dos opciones para seleccionar.,spa,eng
"Whenever I call, he is out.",eng,eng
He already knows what he'll do.,eng,spa
Tom knew there was nothing he could do to help.,eng,spa
Alguien nos traicionó.,spa,spa
Sami was Layla's biographer.,eng,eng
"La estructura de cada ser viviente determina su comunicar, por lo cual, no podemos prejuzgar a un ser viviente que no sea humano, como un ser viviente carente de comunicación o lenguaje. Dado que, nosotros no tenemos acceso a lo que acaece internamente en él.",spa,spa
Tom got exactly what he said he wanted.,eng,spa
Tom miraba con atención.,spa,spa
Nuestro vuelo llegó con una hora de retraso.,spa,spa
Come on. You can do that.,eng,eng
¡Me he olvidado de cerrar el gas!,spa,eng
Tom said he hopes that you won't let Mary drive.,eng,spa
The sacred ritual took place after being postponed twice.,eng,spa
Stop bragging.,eng,spa
Después de haber caminado seis kilómetros se sintió agotado.,spa,spa
"El objetivo de mamá era graduarse de la universidad, pero la meta de mi papá era mamá.",spa,eng
¿Quién no sabe qué es eso?,spa,spa
She leaned back in her chair.,eng,eng
Alguien se ha presentado en mi ausencia.,spa,spa
Tom se recibió en 2013.,spa,spa
Hoy es un buen día para soñar.,spa,spa
El amor no perdona.,spa,spa
"Como me enteré más tarde, el hombre que apareció en mi puerta pidiendo ayuda estaba hablando quechua.",spa,spa
¡Ya estoy aquí!,spa,eng
I think everybody here knows Tom.,eng,spa
Suiza es un país bello.,spa,spa
How were you able to pull this off?,eng,spa
The cost of living has risen.,eng,spa
"Are you hungry? ""I'm not hungry. When I was at school, I ate a sandwich.""",eng,eng
Were you miserable?,eng,spa
What will you live on while you are there?,eng,spa
Tom compró algo de ropa para Mary.,spa,spa
"El chico, que siempre andaba andrajoso, es objeto de comentarios.",spa,spa
Add salt to taste.,eng,spa
"You know I like you, don't you?",eng,spa
I promise I'll do that before the end of the week.,eng,eng
Is this an entrance to another dimension?,eng,spa
They never get old.,eng,spa
"- Quiero decir... Mi vida -dijo Dima- Bueno, hay 3.000.000 BYR en esta maleta.",spa,spa
"Jerusalem is called ""Yerushalayim"" in Hebrew.",eng,spa
Estoy tocando en el parque.,spa,spa
I give to charities.,eng,spa
Sami discovered all his money was gone.,eng,spa
"Last time, I watched an amazing film.",eng,spa
Layla's best chance of being seen is to find high ground.,eng,spa
El problema es que no tenemos mucho dinero.,spa,spa
¿Es esto lo mejor que puedes hacer?,spa,eng
Tom no tuvo el coraje de apretar el gatillo.,spa,spa
He intentado nadar en el río.,spa,spa
El cuerpo humano está compuesto de miles de millones de pequeñas células.,spa,spa
Ella apiló las bandejas en el armario.,spa,spa
Incluso la gente lista se despista algunas veces.,spa,spa
Dick tocó el piano y Lucy cantó.,spa,spa
No me arrepiento de ello.,spa,spa
"Cuando uno empieza a notar agitación en una multitud, lo mejor es alejarse lo más pronto posible.",spa,spa
Tom came back a little after lunch.,eng,spa
"Although the United States is a developed country, it still has some very poor people.",eng,spa
¿Adónde va el tranvía número tres?,spa,spa
Tom dried his eyes.,eng,spa
Tom said he knew that Mary might not be allowed to do that by herself.,eng,spa
Ella no le entiende a usted.,spa,spa
Tom said Mary knew John might not be required to do that.,eng,eng
"Vi las estrellas, fascinan a los ojos, y su belleza es sin igual.",spa,spa
I thought that you said that you were willing to help us find Tom.,eng,spa
No puedo ir aunque quiera.,spa,spa
No hay ninguna diferencia.,spa,spa
Did Mary say she didn't need to do that?,eng,eng
Tom read the contract in secret.,eng,eng
Tom was in the passenger seat.,eng,eng
Veo lo que hiciste ahí.,spa,spa
What are you waiting for? Let's go.,eng,spa
Este libro de texto está escrito en inglés sencillo.,spa,spa
Quiero tomarme un trago.,spa,spa
"Como mi grupo sanguíneo es AB y mi factor RH positivo, soy recibidor universal, pero solo puedo donar mi sangre a personas que también sean AB+.",spa,spa
Tom turned on lights when he entered the room.,eng,spa
"It was a dreadful thing for you to lose your temper like that, Anne.",eng,spa
Tom wasn't about to leave Mary alone with John.,eng,spa
He committed his worst crime on me.,eng,spa
Even in rain and snow I enjoy mountain-climbing.,eng,spa
How likely is it that two people have the same birthday?,eng,spa
They make me laugh.,eng,spa
Ellos siempre tienen problemas con su procesador de textos.,spa,spa
Las excursiones a las islas no son baratas.,spa,spa
He's updating his website.,eng,spa
"Tom se puede acordar de los acordes de la canción, pero no de toda la letra.",spa,spa
"Un panel solar funciona mejor en un día poco nublado, sobre todo si no está del todo bien orientado al Sol.",spa,spa
Hadn't we better be going soon?,eng,spa
No hay mal tiempo. Sólo hay mala ropa.,spa,spa
"Don't use ""discover"" when you mean ""invent"".",eng,spa
No es tan estúpido como para no poder discernir lo correcto de lo incorrecto,spa,eng
Aquí falta una servilleta.,spa,spa
Tom said Mary probably won't eat lunch with us.,eng,spa
Mary told me she was from Boston.,eng,spa
That isn't my fault.,eng,eng
I don't know your habits.,eng,spa
She forgot her glasses.,eng,spa
El señor Jones sabe de finanzas más que cualquiera en esta compañía.,spa,spa
It may not be necessary for us to go to that meeting.,eng,spa
He suffered from health problems.,eng,spa
¿A quién Tom va a escuchar?,spa,eng
El viento está soplando.,spa,spa
Those flowers are very beautiful!,eng,eng
"These shoes are big enough for you, aren't they?",eng,spa
Speak up if you notice other viewers behaving in a way that disturbs wildlife.,eng,spa
It's not as easy as Tom and Mary think.,eng,eng
Do you like the colors?,eng,spa
El hombre que está sentado ahí es un cantante famoso.,spa,spa
Mis padres lo saben.,spa,spa
Los zapatos estaban hechos de un material suave que parecía cuero.,spa,spa
Creo que son una pareja perfecta.,spa,spa
¿Lo has visto últimamente?,spa,spa
They gave me an offer that I couldn't refuse.,eng,spa
Todo el mundo está leyendo.,spa,spa
You should be careful about your health.,eng,spa
Hay un modo mejor.,spa,eng
The temperature is lower than usual.,eng,spa
Devolvió el dinero.,spa,spa
Miro la tele todas las noches.,spa,spa
Tom walks quickly.,eng,spa
Are you sure that's what it was?,eng,spa
Juca calentó su almuerzo en el microondas.,spa,spa
He published two books in Finnish.,eng,spa
¿Qué compraste?,spa,spa
"En este cajero automático además de sacar dinero, también se puede ingresar.",spa,eng
Tyler nació y creció en la misma parte de Virginia que William Henry Harrison.,spa,spa
You have a decision to make.,eng,spa
Estoy demasiado exhausto como para avanzar más.,spa,spa
¿Por qué oraciones?... se podría preguntar. Porque las oraciones son más interesantes.,spa,spa
I may still do that.,eng,eng
¿Están tus niños todavía en la cama?,spa,spa
El año que viene tendré tres veces tu edad.,spa,spa
Puedes hacerlo como quieras.,spa,spa
Ayer oí una bella canción.,spa,spa
How do you stand this heat?,eng,eng
I already know what the theme of the radio programme will be.,eng,spa
¿Quién cuidará al bebé?,spa,spa
Ella pensó que ojalá ese lindo perro fuera suyo.,spa,spa
Teníamos la esperanza de que la lluvia se detendría antes del mediodía.,spa,spa
Discussions were held debating the merits of appointing a provisional government to serve until formal elections could take place.,eng,spa
These cookies are absolutely delicious.,eng,spa
Tom and Mary told me that they're unbiased.,eng,spa
Tienen que haberlo sabido desde el principio.,spa,spa
Deja el pasado atrás y preocúpate por el presente.,spa,spa
The ship discharged its cargo in Panama.,eng,spa
I shouldn't have.,eng,spa
"El aprendiz del mago se giró mientras recitaba un hechizo, dispuesto a atacar a su maestro.",spa,spa
Tom is now on the phone.,eng,spa
El orgullo que se alimenta con la vanidad acaba en el desprecio.,spa,spa
There is no cure for the disease.,eng,spa
"Su padre no vendrá, él está muy ocupado.",spa,spa
I think that you shouldn't have done that by yourselves.,eng,spa
Necesito sentarme.,spa,spa
Toca piano y guitarra.,spa,spa
The police are responsible for the maintenance of law and order.,eng,eng
Comparto una casa con dos de mis amigos.,spa,spa
Tratadla con respeto.,spa,spa
Tom told me Mary laughed at his jokes.,eng,spa
Ken me venció en ajedrez.,spa,spa
Las cosas se están poniendo muy peligrosas por aquí.,spa,spa
Bern is the capital of Switzerland.,eng,spa
She felt sick and sank to the ground.,eng,spa
"Hablando de pasatiempos, me gusta mucho el béisbol.",spa,spa
"Te pido que me digas dónde vives. ""Con gusto.""",spa,eng
You went to bed.,eng,spa
That is not what he is going to talk about.,eng,eng
Tom must have been thrilled.,eng,spa
Él finalmente decidió contarle a su madre las noticias que su padre le había compartido.,spa,spa
El cauce del río va lleno.,spa,spa
"Las babosas son como los caracoles, pero sin concha.",spa,spa
Tom estaba perdido.,spa,spa
This sink is made of stainless steel.,eng,spa
Tom and Mary have enough money to buy whatever they want.,eng,eng
The soldier refused the fight.,eng,eng
Ella estaba en la escena del crimen.,spa,spa
Le robaron la cartera a mi padre en el autobús.,spa,spa
"Si yo tuviera alas, volaría hasta ti.",spa,spa
They swim very quickly.,eng,spa
I'd like to report a crime.,eng,spa
"No me opongo a que vayas a trabajar fuera de casa, pero ¿quién se ocupará de los niños?",spa,spa
My brother is big enough to travel alone.,eng,spa
Vivir es luchar.,spa,eng
Los platos que rompiste no eran caros.,spa,spa
Me debo tomar mi medicina cada seis horas.,spa,spa
It's obviously broken.,eng,spa
I'm meeting her this evening.,eng,spa
"Ahora bien, hay que aclarar este problema.",spa,spa
Usted hacía como si no fuera nada.,spa,spa
That's not a bear anymore. That's bear goo.,eng,spa
I already saw this.,eng,spa
Tom took over his father's store.,eng,spa
Los negros se tenían que sentar en la parte trasera del autobús o estar de pie si ésta estaba llena.,spa,spa
Our country's climate is temperate.,eng,spa
I should stay away from here.,eng,spa
"The day pulls to a close is a barbarism, possibly entirely opaque if you fail to recognize it as a translation of ""The day draws to a close.""",eng,eng
La niñita es zurda.,spa,spa
"Hoy, tu rostro está pálido y sereno como la luz de la luna.",spa,spa
¿Quién ha hecho esto?,spa,spa
"The job is interesting, but not always easy.",eng,spa
Einstein's theory of relativity is Greek to me.,eng,spa
Tom wouldn't let Mary drive his car.,eng,spa
¿De quién es este cuaderno?,spa,spa
No es tan difícil como tú crees.,spa,spa
He paid off his credit card debt.,eng,eng
El equipo de reclutamiento buscó empleados prometedores.,spa,spa
Llevas pendientes caros.,spa,spa
¿Qué haríais en mi lugar?,spa,eng
Puede sentarse donde quiera.,spa,spa
Estoy comiendo queso.,spa,spa
What are the differences between African and Asian elephants?,eng,spa
¿Quieres descansar?,spa,eng
The book costs fifteen dollars.,eng,spa
Perdió a dos hijos en la guerra.,spa,spa
¿Usted habla turco?,spa,spa
Tom y María dijeron que querían que los dejaran solos.,spa,spa
Estas oraciones son raras.,spa,spa
I can't leave it there.,eng,spa
¿Vienes a buscarme?,spa,spa
Un día emprendió un largo paseo al rededor de la ciudad.,spa,spa
I'll be there as soon as I can.,eng,spa
I need an excuse.,eng,spa
Estoy agradecido con los veteranos.,spa,spa
Estará allí.,spa,spa
She threw her hands up in horror when she saw what he had done.,eng,spa
God damn it!,eng,eng
Let's do it right away.,eng,spa
No ser alto no es una desventaja.,spa,spa
I apologized.,eng,spa
Es más seguro diversificar las fuentes de energía.,spa,spa
Tom called Mary to tell her that he wanted her to help John.,eng,spa
Let's go to Boston with Tom.,eng,spa
Are you having problems losing weight?,eng,eng
I don't want to hear about all your old girlfriends.,eng,spa
Asegúrese de que todas las cajas están bien selladas antes de la entrega.,spa,spa
"No hay dudas que las traducciones de las oraciones al idioma alemán no sólo son deseables, sino también necesarias. Las recomendaciones comprensivas de los hablantes nativos alemanes nos animan a corregir el texto original en nuestra lengua que no es siempre sin tacha.",spa,spa
Tom has been accused of being a spy.,eng,spa
Mi tío dirige una compañía.,spa,spa
Where can I reach you?,eng,spa
We'll know soon enough.,eng,spa
Ella se ha vuelto más bella.,spa,spa
¿Tienes algún billete de un dólar?,spa,eng
Sami had no clue how his keys got there.,eng,spa
El trayecto en avión fue agobiante.,spa,spa
You lucky devil.,eng,spa
Please put the milk back in the refrigerator.,eng,eng
She pretended she was still asleep.,eng,spa
Tom ayudó a Mary a volver a comenzar.,spa,spa
Sami doesn't have time right now.,eng,spa
We have two deliveries every day.,eng,spa
¿Dónde hay un espejo?,spa,spa
How big is your room?,eng,spa
It's impossible to deny the obvious.,eng,spa
He was injured badly in the accident.,eng,eng
Tom got jealous.,eng,spa
Why did you choose me?,eng,spa
Tom should talk to his lawyer.,eng,eng
No lo podría hacer sin tu ayuda.,spa,spa
Eso es todo.,spa,spa
I haven't studied that much!,eng,eng
"In Wales, we have a saying.",eng,spa
La alubiada asturiana es la mejor.,spa,eng
"On my mother's side of the family, I have three male cousins.",eng,spa
Corté las cebollas y las puse en una cacerola con mantequilla y aceite.,spa,spa
Ha llegado la hora.,spa,spa
You told her that you had finished the work three days ago.,eng,spa
El diminutivo de Margaret es Meg.,spa,spa
"En cuanto a mí, no estoy contento con el resultado de la prueba del otro día.",spa,spa
Esto no es lo que parece.,spa,spa
"Dejo de vivir, pero he vivido.",spa,spa
Ayer le robaron el bolso.,spa,spa
"¿Yo? ""¡Sí, tú!""",spa,eng
He could get hurt if he does that.,eng,eng
Tom was screaming and crying.,eng,spa
She asked him to come into her house.,eng,spa
A la niña no le gustan los zapatos rojos.,spa,spa
Me alegro de que estés aquí.,spa,spa
"A buen entendedor, pocas palabras bastan.",spa,spa
He drained his glass in one gulp.,eng,spa
No tenemos idea de dónde está él.,spa,spa
¡Extraño tanto a mi novio!,spa,spa
I can't believe I'm not getting fired.,eng,spa
"Most utensils, such as can openers and scissors, are made for right-handers.",eng,spa
Tuvimos que pedir ayuda a gritos.,spa,spa
"Even if it was somebody else who made her happy, as long as she is happy, that's fine.",eng,spa
"Tom is very sharp, isn't he?",eng,spa
Man should smell like a man.,eng,spa
Tom and Mary hoped they'd be able to win.,eng,spa
Have you seen one?,eng,spa
¿Qué tal si añadimos un toque de pimienta?,spa,spa
Where did Tom buy this tennis racket?,eng,eng
"Este es un hombre, esa es una mujer.",spa,eng
It's hard to do that.,eng,eng
He mostly kept to himself.,eng,spa
I'm a little curious about that.,eng,eng
¿Alguna vez te has roto un hueso?,spa,spa
¡Eres un profesor maravilloso!,spa,spa
Puedes quedarte.,spa,spa
Él no habló en absoluto.,spa,spa
Tengo que ir al dentista.,spa,spa
Tom and Mary respect their parents.,eng,spa
La risa es la mejor medicina.,spa,spa
Los ojos de Tomás están abiertos.,spa,spa
They're not as old as they look.,eng,eng
El sábado fuimos al cine y después al restaurante.,spa,spa
The eagle had to be fed by hand.,eng,spa
Esa película es apropiada para gente de todas las edades.,spa,spa
There is a good explanation.,eng,spa
¿Se os ha olvidado comprar huevos?,spa,spa
De repente él cerró la puerta.,spa,spa
I doubt if I'll get a chance to do that.,eng,eng
Sami was a sibling of Layla's.,eng,spa
We were in the Rio de Janeiro botanical gardens.,eng,spa
The quick brown fox jumps over a lazy dog.,eng,spa
It is necessary that we provide for the future.,eng,spa
Such measures were not necessary.,eng,spa
Grandfather is napping on the sofa.,eng,spa
¿Qué es la vida sin el brillo del amor?,spa,eng
Tom said that he didn't want to go skiing with Mary.,eng,spa
"You know the trouble with you, Tom, you're just stupid.",eng,spa
Tu software está actualizado.,spa,spa
Tómate una taza de leche. Te hará bien.,spa,spa
Mary could quit if she wanted to.,eng,spa
You're supposed to be helping Tom now.,eng,spa
Tom se sentó al lado de alguien a quien no conocía.,spa,spa
They delayed buying a new car.,eng,spa
His letter makes me uneasy.,eng,spa
He estado en la iglesia.,spa,spa
No me he olvidado de usted.,spa,spa
Mary let me drive her car.,eng,spa
El atleta consiguió un tiempo asombroso.,spa,spa
Sami was screaming and kicking his father off of him.,eng,spa
Las medias tobilleras son las que te llegan solamente hasta los tobillos.,spa,spa
Yo pensaba que Tom lo habría dicho.,spa,spa
Tom wasn't quite finished yet.,eng,eng
It's too large.,eng,spa
Everyone saw what happened.,eng,spa
Don't take it so hard.,eng,spa
I didn't think Tom was interested in doing that.,eng,eng
Los dos asistimos al mismo curso de lectura musical de la facultad de artes de la universidad.,spa,spa
My wife has cooked a delicious meal.,eng,spa
Tom works hard at his job.,eng,spa
I haven't even told Tom.,eng,spa
Tom thought he had come up with the perfect plan.,eng,spa
I guess we have no choice.,eng,spa
It's not possible to legislate against stupidity.,eng,spa
"Según los investigadores del Instituto Carsey de la Universidad de New Hampshire, 15.7 millones de niños vivían en la pobreza en Estados Unidos en el 2010.",spa,eng
Cada nivel tiene usos distintos.,spa,spa
Lions are animals.,eng,spa
I couldn't possibly eat another bite.,eng,spa
I'm going by myself.,eng,spa
La cara de esa muchacha es increíblemente fea.,spa,spa
Look! There's a cockroach besides the fridge! Do something quick!,eng,eng
Tom did that without me.,eng,spa
Tom was the manager before me.,eng,spa
"Estoy muy ocupado, así que probablemente no pueda venir mañana.",spa,spa
¿Qué pasó? ¡Tu abrigo está manchado de sangre!,spa,eng
"No me gusta este, mostrame otro.",spa,spa
We want to move to Boston.,eng,spa
"Tom was lonely, but Mary wasn't.",eng,eng
"I want to know whether Tom and Mary need to do that, too.",eng,spa
El corazón me saltaba del susto.,spa,spa
This one is cheaper than that one over there.,eng,spa
Te comportas como un niño y me aburres con tus preguntas.,spa,spa
Tom intentó ocultar su nerviosismo.,spa,spa
Tom asked Mary to kill John.,eng,spa
¿Ellos olvidaron que voy a visitarlos hoy?,spa,spa
Mary wondered why Tom wouldn't help her.,eng,eng
Él sintió a su corazón latir rápido.,spa,spa
"It's on the coast about 13 kilometers to the north of its more famous neighbor, Dover.",eng,eng
Soy un hombre de negocios.,spa,spa
¿Sería posible hacer una pausa para comer? Tengo un hambre de lobo.,spa,spa
Ayer fue feriado.,spa,spa
I'm sorry that I couldn't help you.,eng,spa
Tom handed me an envelope.,eng,spa
Voy a ser tío.,spa,spa
I wasn't the one who convinced Tom to do that.,eng,eng
They ate cheese and crackers.,eng,spa
Mary didn't seem surprised when Tom told her he wanted to do that.,eng,eng
Tom and Mary have scars all over their bodies.,eng,spa
Espero que no te hayamos hecho esperar.,spa,eng
Los chilenos son americanos.,spa,spa
I suspect that Tom will eventually want to do that.,eng,eng
Sami had a friend who was a girl.,eng,spa
I only entrusted the secret to you.,eng,spa
We need to create more jobs.,eng,spa
"Ahora que se han acabado las vacaciones, María se ha puesto a régimen.",spa,spa
Sami is gonna be with Layla.,eng,spa
I ventured off the beaten path.,eng,spa
Soy muy alérgico a los cacahuates.,spa,spa
I left Australia three years ago.,eng,spa
"En sus marcas, listos, ¡fuera!",spa,spa
Un coche de la gendarmería se está acercando.,spa,spa
I was the only one who didn't know Tom had been in prison.,eng,spa
La esposa de Tom es canadiense.,spa,spa
Él se subió con una escopeta en las manos.,spa,spa
"Cuando yo era niña, pasaba horas sola leyendo en mi pieza.",spa,spa
Tickets go on sale next Monday.,eng,spa
Tom has three children from a previous marriage.,eng,spa
If only I had taken your advice.,eng,spa
Get your paws off of me.,eng,spa
"I love you, Laurie.",eng,spa
Nochebuena es víspera de Navidad.,spa,spa
¿Quién mira al cielo?,spa,spa
Fue una decisión fácil de tomar.,spa,spa
Mary vino al hospital.,spa,spa
Mañana ayudaré a Tom.,spa,spa
I'm dying to have a cup of coffee.,eng,spa
Where can I buy a shirt like that?,eng,eng
How many more weeks do you think Tom will want to do that?,eng,eng
¿Puedes quedarte un rato?,spa,spa
Tom said he should do that.,eng,eng
Is it Friday?,eng,spa
Comiendo se abre el apetito.,spa,spa
Tom thought Mary might be permitted to do that.,eng,eng
Tom told me that he thought Mary was uncomfortable.,eng,spa
Los camellos pueden recorrer cientos de kilómetros durante varios días sin beber una gota de agua.,spa,spa
You're an ignorant fool.,eng,spa
"When I was young, the hippest thing a kid could own was a transistor radio.",eng,spa
Ciertamente no es oro todo lo que reluce.,spa,spa
Help yourself to anything you like.,eng,spa
Do you remember what happened to Tom?,eng,spa
We organized our CDs by artist.,eng,eng
Please wait ten minutes.,eng,spa
The girl was quick as a flash.,eng,spa
Mañana toca comprar.,spa,eng
¡La vista es tan hermosa!,spa,spa
I'm pleased with Tom's performance.,eng,spa
Tom must've thought Mary already knew how to do that.,eng,eng
No lo conocía muy bien.,spa,spa
I'm going to Australia tomorrow.,eng,spa
Tom hasn't done much in a while.,eng,spa
I assumed that Tom would agree to do that.,eng,eng
Fui a la tienda de libros.,spa,spa
I didn't know Tom was your father.,eng,eng
Este hotel tiene alojamiento para 1000 clientes.,spa,spa
Do you know the song Tom and Mary want you to sing?,eng,spa
Mary gave all her money to Tom.,eng,spa
No creo que llueva esta tarde.,spa,spa
Me las arreglo bastante bien ahora con mi nuevo bastón.,spa,eng
Her playing is full of wrong notes.,eng,spa
Everyone except Tom knew that he didn't need to do that.,eng,eng
Él y yo somos compañeros de clase.,spa,spa
¡Usted no imagina la eficacia de aquel equipo de sonido!,spa,spa
This is the life.,eng,spa
"If you wish to be treated like an educated person, you have to become an educated person.",eng,spa
Layla is a self-absorbed woman.,eng,spa
Ella se puso de vuelta sus lentes.,spa,spa
I'll miss you while you're gone.,eng,spa
Most people who hear Tom and Mary speaking French would never guess that they weren't native speakers.,eng,spa
Where's the exit?,eng,eng
Creía que tenías un acuerdo con Tom.,spa,spa
He has sold the rest of his books.,eng,spa
"He seems quite happy, doesn't he?",eng,spa
"Él me dio algo de pan, también algo de leche.",spa,spa
It is within the bounds of possibility that she will succeed.,eng,spa
Let's toast to love!,eng,eng
Abróchate la chaqueta.,spa,spa
Tom had the last laugh.,eng,spa
I've spoken in French with Tom many times.,eng,spa
Ella se decidió a pasar la selectividad.,spa,spa
I thought that the way Tom handled that was good.,eng,spa
I won't do that unless you help me.,eng,spa
No está fácil.,spa,spa
Her ambition pushed her to work hard.,eng,spa
She read the children an amusing story.,eng,spa
Tom is going to give me a haircut this weekend.,eng,spa
Don't thank me now.,eng,spa
Tom and Mary said they thought I might not want to do that.,eng,eng
Le envié algo de dinero a Tom.,spa,spa
¿Podrías abrir la ventana por favor?,spa,eng
I am still a bit sore after my operation.,eng,spa
Se tapó las orejas con ambas manos para no oír el ruido.,spa,spa
¡Tatoeba ha llegado a ochocientas mil oraciones!,spa,eng
"My husband, my son and I each have a key to the flat.",eng,eng
"Si estuviera en tu posición, no sabría qué hacer.",spa,eng
Esta caja no es bastante grande para todas esas cosas.,spa,spa
"Su padre no vendrá, está ocupado.",spa,spa
A veces estudio.,spa,spa
Todos estos estudiantes estudian inglés.,spa,spa
¿Cuál es vuestro hotel favorito en Boston?,spa,spa
Me espero lo peor.,spa,eng
Solo tengo la mitad de libros que él.,spa,spa
"Me alegra que disfrutes esquiando, pero supongo que tan solo no es lo mío.",spa,spa
"Las langostas no tienen pinzas, los bogavantes si tienen pinzas.",spa,spa
Ella y yo hemos estado casadas durante 30 años.,spa,spa
¿Puedes explicar como se puede reconocer la excelente labor de los empleados?,spa,spa
Sé de qué se trata.,spa,spa
¡Ve con ellos!,spa,eng
They're not here for you.,eng,spa
Please answer either by nodding or shaking your head.,eng,spa
Lo hizo.,spa,spa
Los empleados quieren formar un sindicato.,spa,spa
"Sami and Layla managed to stay together for six years, but it was a shell of a marriage.",eng,spa
No juegues en esta habitación.,spa,spa
Sigo sin poder verlo.,spa,spa
I still think about her.,eng,eng
I want to get a real job.,eng,spa
Tom won't come to Australia until next week.,eng,eng
Ask Tom if he wants to do that with us.,eng,spa
Yo estudié antes de la cena.,spa,spa
Cada uno cosecha lo que siembra.,spa,spa
Trató de convencerlo para que fuera a la reunión.,spa,spa
"Apresúrate; no te fíes de las horas venideras. El que hoy no está dispuesto, menos lo estará mañana.",spa,spa
"En el Montevideo antiguo, las casas eran construidas de adobe, piedras y cueros.",spa,spa
They told me that they liked my idea.,eng,spa
La comida pronto va a estar lista.,spa,spa
He comes on strong.,eng,spa
A committee of experts determines how to allocate the money.,eng,spa
They didn't know what they should say.,eng,spa
¿Te gusta ir al cine?,spa,spa
What would you do if your house was haunted?,eng,spa
Él estudió lingüísticamente varias lenguas.,spa,spa
Muchas gracias por haberme advertido.,spa,spa
I have decided to carry on the work.,eng,eng
When does your father leave his office?,eng,spa
Quiero que sea sorpresa.,spa,spa
Nosotros sabemos que son gente ocupada.,spa,spa
Tom leaned back.,eng,eng
He told me that he understood.,eng,spa
I awoke with a start because of the fire.,eng,spa
El nivel de vida se hizo mucho peor.,spa,eng
I asked her out.,eng,eng
That's not too fun.,eng,spa
Why did you want to speak to me?,eng,spa
No es de oquis ir a la universidad.,spa,spa
What color shirts were Tom and Mary wearing yesterday?,eng,spa
He took the package to the post office.,eng,spa
I'd like you to get two adjacent rooms.,eng,spa
Mi pasatiempo es coleccionar monedas antiguas.,spa,spa
My parents gave me a house when we got married.,eng,spa
Han subido los precios y ahora está todo mucho más caro.,spa,spa
Las fórmulas de la volatilidad son bastante complejas.,spa,spa
Nosotros creemos que estamos haciendo lo correcto.,spa,spa
It was not an accident.,eng,eng
The crew had to abandon the sinking ship.,eng,spa
What size boots do you wear?,eng,eng
Tom spent a lot of time talking with Mary.,eng,spa
The tragic mistake affected many people.,eng,spa
"God gave you a penis and a brain, but only enough blood to run one at a time.",eng,spa
Setenta u ochenta años es la duración normal de la vida del hombre.,spa,spa
"Puedes matar a una persona, pero no puedes matar una idea.",spa,spa
I think Tom understands all that.,eng,eng
Ken es amable con las chicas.,spa,spa
Tom is now attending a conference in Boston.,eng,spa
Sabes que soy más inteligente que vos.,spa,spa
Are you related to me?,eng,spa
Mary was shocked when I told her that.,eng,eng
Tom made it clear that he didn't plan to go to Boston.,eng,spa
Your breath stinks.,eng,spa
No answer is necessary.,eng,spa
Nuestra hermana estará pronto con nosotros.,spa,spa
¿Vos reconocerías a Tom?,spa,spa
"Incluso ahora, de vez en cuando hay réplicas de terremoto.",spa,spa
Tom refused to admit he'd done that.,eng,eng
I usually eat lunch with Tom two or three times a week.,eng,eng
Tom is trying to figure out what he needs to do.,eng,spa
There's nothing more to drink.,eng,eng
María tiene cuatro hermanos.,spa,spa
Mary says she thinks it's not possible to do that.,eng,eng
Tom's ideas seemed crazy.,eng,spa
Have Tom and Mary ever done that?,eng,eng
Numerous other lawsuits are pending.,eng,spa
Tom and Mary went to the same junior high school.,eng,spa
Ellos cocinan.,spa,spa
Estoy tan avergonzada.,spa,spa
I also cried.,eng,spa
Están intentando contactarla.,spa,spa
Tom isn't lonely now.,eng,spa
¿Has visto alguna vez a una araña tejer su tela de araña?,spa,spa
There is no point in deluding yourself; you know it well that she's just playing games with you.,eng,spa
Te voy a dar un palazo.,spa,spa
Corriste de vuelta hacia acá.,spa,eng
"Even though I'd been trying to avoid Mary, I ran into her in front of the library.",eng,spa
Tom began dating Mary about three months ago.,eng,spa
No dejo de pensar en él.,spa,spa
Esta frase incluye varios errores.,spa,spa
"Y, muchas veces, he llorado.",spa,spa
Tom tiene que hacer algunas compras.,spa,spa
We're relatives by marriage.,eng,spa
Aren't you ever going to leave?,eng,spa
"Regardless what you may do, the outcome will still be the same.",eng,spa
Mary quickly checked her makeup.,eng,spa
Ese ruido me despertó.,spa,spa
Tenía mucho que estudiar para el examen.,spa,spa
Mr. Jackson was my French teacher when I was in high school.,eng,spa
Nadie sabe hacia dónde fue Tom.,spa,spa
Mary swore she'd never do that.,eng,eng
"Bebo, dijo él, ""por las personas enterradas que descansan a nuestro alrededor."" ""Y yo por tu larga vida.""",spa,eng
Tom and Mary eat hotdogs whenever they can.,eng,spa
Children filled the room.,eng,spa
Tom found a way to get it done.,eng,spa
En su juventud se levantaba temprano.,spa,spa
"Today, the Ministry of Health announced that it has stopped distribution of and is recalling a medicine for children due to the problem of heart related side effects. The government has taken this into account and has forbidden the importation of this medicine.",eng,spa
Tom lit the oven.,eng,spa
Yo no tenía el coraje de decirle la verdad.,spa,spa
Go down into the cellar and get us a couple of bottles of wine.,eng,spa
Tomás compró algunos profilácticos.,spa,spa
My speaking and listening are not as good as my writing.,eng,spa
Tom was killed with a poisoned arrow.,eng,spa
I don't think that it's important.,eng,eng
Todo salió al revés.,spa,spa
Es un culturista.,spa,spa
Could you please do me a favor?,eng,eng
I need to tell Tom what to do.,eng,spa
I became intrigued.,eng,spa
La foto fue un engaño.,spa,spa
The boss wouldn't let us go home early.,eng,spa
Pido disculpas por haberte molestado así.,spa,spa
Volvió a hender el cuerpo de su oponente con la afilada espada.,spa,spa
I'll stay in Berlin for ten days.,eng,spa
Tom me pidió que te dijera algo.,spa,spa
Tuve que decirle a Tom.,spa,spa
"A este lugar lo llamaban ""la fosa de la muerte"", y yo no estoy para nada interesado en saber el porqué.",spa,spa
Podís ubicarme en este número.,spa,spa
Tom no quiere que hagas eso.,spa,spa
Mantente en calma.,spa,spa
Peleamos una dura batalla.,spa,spa
I can't believe Tom hasn't called.,eng,spa
Está andando en patineta.,spa,spa
Tom no suele llegar tarde a la escuela.,spa,spa
Mi saldo es negativo.,spa,spa
I'll help Mary do what she needs to do.,eng,spa
Tengo que dejarlo.,spa,spa
The house gets painted every five years.,eng,spa
Una herradura y un trébol de cuatro hojas dan suerte.,spa,spa
Choose a food from each part of the menu.,eng,spa
Sami wanted to visit Florida's Atlantic coast.,eng,eng
El recolector de residuos ya pasó.,spa,spa
Tom no ha visto el vídeo todavía.,spa,spa
I don't think I'll kiss Tom anymore.,eng,spa
Do Tom and Mary often come here?,eng,spa
¿Cuál es tu gato?,spa,spa
Le daré estos boletos a quienquiera que los quiera.,spa,spa
"Por favor, envíame la forma de la aplicación por fax.",spa,spa
Do you live by yourself?,eng,spa
Vamos a quedar en frente del teatro.,spa,spa
"¡Alto, por favor!",spa,eng
They say they'll leave on Monday.,eng,spa
I'll do as you wish.,eng,spa
El tema principal del libro es la Revolución Americana.,spa,spa
¿Para qué sirven los marcapasos?,spa,spa
Me hace ilusión que mis profesores tengan ganas de trabajar.,spa,spa
His father has never been abroad.,eng,spa
Tengo poco apetito.,spa,spa
There's little cause for optimism.,eng,spa
The rain spoiled our picnic.,eng,spa
"Me robaron el dinero, la cartera y los documentos.",spa,spa
Algunas veces él parece muy distante.,spa,spa
Brazil's population is much larger than that of other Portuguese-speaking countries.,eng,spa
I don't need your assistance anymore.,eng,spa
Tom and Mary said John wanted them to do that for them.,eng,spa
I didn't want to make the same mistake twice.,eng,spa
"Tom acted happy, but deep inside he was sad.",eng,spa
There is no prescription for a common cold.,eng,spa
Yo creo que el gato pertenece al vecino que vive directamente al otro lado de la calle.,spa,spa
I think Mary blames herself.,eng,spa
No debéis quedaros fuera tan tarde.,spa,spa
"Incitadores al odio, ¡unámonos!",spa,eng
"We don't see this eye to eye, but it's not me who is wrong.",eng,spa
Él pasó sin siquiera mirarme.,spa,spa
Tenemos un club de boxeo en la escuela.,spa,spa
No sabía que podías cocinar tan bien.,spa,spa
"Por cierto, la pastelería conocida como ""Shu Cream"" en Japón no es conocida bajo este nombre ni en Inglaterra ni en Francia. Si tu pides una ""crema Shu"" en Inglaterra, acabarás cómicamente recibiendo crema para limpieza de zapatos.",spa,spa
We'll have to wait for Tom's response.,eng,spa
Es hora de estudiar japonés.,spa,spa
He thrust some coins into my pocket.,eng,eng
Tom encendió la luz.,spa,spa
No estoy familiarizado con eso.,spa,spa
Where can Tom be?,eng,spa
Fue tonto de tu parte confiar en ellos.,spa,spa
Supongo que nadie cree en esta historia.,spa,spa
Hablar es una cosa y escribir es otra.,spa,spa
Tom can't stay for long.,eng,spa
Quiero amarte para siempre.,spa,spa
Tom has had a medical emergency.,eng,spa
"Soy sordo, y no puedo escucharte.",spa,spa
I let Mary talk me into helping her.,eng,eng
Me he mordido en la lengua hasta hacerla sangrar.,spa,eng
Whom do you respect most in your life?,eng,spa
Nosotros en realidad no podemos predecir nada.,spa,spa
Engaña a todo el mundo.,spa,spa
Las casas grandes son costosas para vivir.,spa,eng
¿Quieres darme una mano?,spa,spa
I think that Tom would like Mary to do that for John.,eng,spa
I wanted to make sure.,eng,spa
Esa es mi escuela.,spa,spa
The washing machine is out of order.,eng,eng
I noticed that.,eng,eng
You've cut my hair too short.,eng,eng
The fire is getting worse.,eng,spa
Iron is harder than gold.,eng,spa
Esta flor huele bien.,spa,spa
Con el paso de los años su cabello se volvió gris.,spa,spa
Can you do that today?,eng,spa
"Muéstreme los de manga corta, por favor.",spa,eng
Estoy viendo la corona.,spa,spa
Solo tengo cinco días de vacaciones este verano.,spa,spa
Se quedó en la cama porque no se sentía bien.,spa,spa
Tom reflected on what he had done.,eng,spa
I know that Tom is a little disappointed.,eng,spa
Me quedo con esto: me gusta el color.,spa,eng
I tried to talk to her.,eng,eng
We have no idea what's going on.,eng,spa
Tom used to be famous.,eng,spa
Este es uno de los motivos por el que nunca repito eso.,spa,spa
"¿Por qué yo? ""Por descarte, no había otra opción.""",spa,eng
No se ha preparado suficientemente.,spa,spa
¿Qué fruta te gusta más?,spa,spa
The accused was condemned to ten years in prison.,eng,spa
"God makes people who are beautiful, have a great voice and a very good memory. God also makes people who have only one of these qualities, but God also makes people who have none of these three qualities, one of whom I am.",eng,spa
Usualmente tomo una ducha en la noche.,spa,spa
"Déjame terminar, ¿vale?",spa,spa
"No quieres que llegue tarde a la escuela, ¿verdad?",spa,spa
Tom arrived in Australia on Monday.,eng,spa
El desagüe no tiene tapa.,spa,spa
Sami took his own life.,eng,spa
¿Cuándo fue la última vez que cantaste?,spa,spa
Tom may not think this is funny.,eng,spa
El próximo fin de semana voy a ver la película de acción 'Divergente' sin subtítulos.,spa,spa
Tom told me he wasn't so sure.,eng,spa
The man suspected of murdering Tom has been arrested by the police.,eng,spa
The security chief monitored the site looking for weak spots.,eng,spa
Fadil became the fifth man to divorce Layla.,eng,spa
¿No quería la señora Rodríguez ver mi redacción?,spa,spa
Es mi libro.,spa,spa
Tom gave me a meaningful look.,eng,eng
I know Tom is ambidextrous.,eng,spa
La vida es demasiado corta para aprender alemán.,spa,eng
You should go to the gym at least twice a week.,eng,eng
Mary had a sneaking suspicion that Kate had met up with Tom after the party.,eng,spa
Tom usually stands behind the counter.,eng,eng
La apariencia de Lara a menudo era sujeto de burlas.,spa,spa
Sami has been on the run for six years.,eng,spa
¡Ni en sueños!,spa,eng
I suspect that's true.,eng,spa
Ella me ha sorprendido.,spa,spa
Pareces pálido. Sería mejor que te tumbaras en la cama de una vez.,spa,spa
Eres más inteligente que Tomás.,spa,spa
Se puede romper.,spa,eng
Él ha mostrado una aptitud para la matemática.,spa,spa
Le aconsejé tomar un descanso.,spa,spa
Dile a Tom que quiero casarme con él.,spa,spa
Tom told Mary that he'd help her with her homework.,eng,eng
¿Cuál es vuestro plan?,spa,spa
"Con las mujeres hay dos posibilidades: o son ángeles, o siguen vivas.",spa,spa
Dígame cuál es la estación más cercana a su oficina.,spa,spa
"Abra la boca, dijo el dentista.",spa,spa
I went to sit down where you sat this morning and I heard what you had thought.,eng,eng
Te echo muchísimo de menos.,spa,spa
Aren't you getting a divorce?,eng,spa
Pedí una pizza por teléfono.,spa,spa
¿Te parece divertido?,spa,spa
Estás espléndida.,spa,spa
Puedes quedarte todo el tiempo que quieras.,spa,spa
How about stopping over at Kyoto and sightseeing at the old capital?,eng,spa
Sami got his dog back.,eng,eng
Let's get down and dirty.,eng,spa
Un mar en calma nunca ha forjado buenos marineros.,spa,spa
La energía del Sol es una nueva fuente de energía.,spa,spa
"He is short, but he is strong.",eng,spa
Tom considera a Mary su mejor amiga.,spa,spa
We will deal with it when it happens.,eng,spa
"Cuando dos personas se encuentran, hay en realidad seis personas presentes: cada persona en la percepción de si misma, cada persona en la percepción del otro y cada persona en su ser verdadero.",spa,spa
His drinking habit is an old one.,eng,spa
He'll leave for Tokyo tomorrow.,eng,spa
They said that they isn't going ashore.,eng,spa
Get me a beer.,eng,eng
Tom said he really enjoyed the concert.,eng,eng
I've run out of milk.,eng,eng
Thanks for showing me how to do this.,eng,spa
Tom asked Mary if she would be willing to donate some money.,eng,spa
Puse mi coche a su disposición.,spa,spa
I like both volleyball and basketball.,eng,spa
I like mysteries.,eng,spa
¿Dónde se habla interlingua?,spa,spa
Una multitud esperaba verlo.,spa,spa
No cojas guarrerías del suelo.,spa,spa
Esta medicina podría curarlo.,spa,spa
Pensando un poco puedes convertir un desecho en un subproducto útil.,spa,spa
I thought you wouldn't mind waiting for me.,eng,spa
¿Te gustó?,spa,spa
Tom doesn't need to go to the doctor.,eng,eng
Sé que usted es maestro.,spa,spa
How many beers did you drink?,eng,eng
His story cannot be true.,eng,spa
"No lo puedes arreglar, deberías comprar uno nuevo.",spa,spa
"Tom is bossy, but Mary isn't.",eng,eng
Los ancianos no siempre son más sabios que los jóvenes.,spa,spa
"Lleno, por favor.",spa,eng
Habitación con cama matrimonial.,spa,spa
Does school start at eight-thirty?,eng,spa
I found Tom there.,eng,spa
I am into golf lately.,eng,spa
Tom is very unpredictable when he's been drinking.,eng,spa
¡Ante todo está la salud!,spa,eng
¿Cuántas habitaciones tenés?,spa,spa
I'm looking forward to meeting you.,eng,spa
"The rain has let up, so we can begin.",eng,spa
¿Cuánto gana ella al mes aproximadamente?,spa,spa
We can't trust him.,eng,spa
Su encuentro era inevitable.,spa,spa
Él es mejor que yo para las matemáticas.,spa,spa
The town managed to thwart plans to build a nuclear power plant nearby.,eng,spa
Tom says he won't have to do that right away.,eng,spa
What made you contact us?,eng,spa
"Let go the appels, boy / or the ‘Jump-on’ will get you / the ‘Jump-on’ is a strong kobold / who brutally punishes the thiefs.",eng,spa
Se propusieron cuatro ideas.,spa,spa
I wanted to stay in Australia.,eng,spa
Tom has gone on dates with both Mary and Alice.,eng,spa
Él tiene algo que ver con eso.,spa,spa
«¿No sabes fumar?» «¡Claro que sé fumar!»,spa,spa
Quería que supieras cómo me siento.,spa,spa
He hit the wall with his fist.,eng,eng
What happened to the boat?,eng,eng
Sé cariñoso.,spa,spa
A danger foreseen is a danger avoided.,eng,spa
Tu pulso es regular.,spa,eng
We have started to recycle newspapers.,eng,spa
Tom is excited to get started.,eng,spa
Mary said she thought I might not want to do that.,eng,eng
Mary admitted she didn't do what we had asked her to do.,eng,spa
Esto es el colmo del colmo.,spa,spa
Este es tu destino.,spa,spa
Viajaremos juntos.,spa,spa
La asamblea ha sido anulada por causa del tifón.,spa,spa
La boda está fijada para dentro de una hora.,spa,spa
¿Vas apresurado?,spa,spa
Mary kept her head above water.,eng,eng
"Hoy en la tarde estoy ocupado, no puedo ir a la reunión.",spa,spa
Véndelo.,spa,spa
Do you care to hazard a guess?,eng,spa
I don't know if Tom can do that or not.,eng,eng
¡Qué hermoso lugar!,spa,eng
"Ella votó por el señor Nishioka, en contra de la consigna del partido.",spa,spa
"Welcome to my house, finally.",eng,spa
A wind from the ocean blows at this time of the year.,eng,spa
"If you continue doing that, you'll probably get injured.",eng,spa
That was our problem.,eng,spa
Siempre supe que ella ocultaba algo.,spa,spa
Are you an Uighur?,eng,eng
Qué bien juegan.,spa,spa
My students are learning to drive.,eng,spa
Tom said he didn't have to work today.,eng,spa
This is a vernacular.,eng,eng
We reached our destination just as I thought the car was going to give up the ghost.,eng,eng
¿Qué? ¿Te agrada?,spa,spa
Debes estar de vuelta el domingo a más tardar.,spa,eng
I didn't like Tom at all.,eng,spa
I'm going to eat a peach.,eng,spa
I don't think I'll be able to do that by myself.,eng,spa
Le confeccionaré un traje nuevo.,spa,spa
I jog every day.,eng,spa
Él apenas trabaja.,spa,spa
The student has already solved all the problems.,eng,spa
¿De verdad quieres que vaya a tu fiesta?,spa,spa
Los niños duermen.,spa,spa
Es hora de que conversemos.,spa,spa
Tell him I'm in a meeting.,eng,spa
Tom no podía creer que alguna vez sería capaz de tocar la guitarra.,spa,spa
Él no es mi hijo sino mi sobrino.,spa,spa
Sami got fired that night.,eng,eng
Estos asientos están reservados para gente mayor.,spa,eng
¿Todavía funciona?,spa,spa
It would surprise me if Tom and Mary don't do that.,eng,eng
A partir de hoy no fumaré más.,spa,spa
Tom and Mary are tired of people telling them what to do.,eng,spa
Do you think Tom is dangerous?,eng,spa
Ya te dije un millón de veces que no exageres.,spa,spa
You're prisoners.,eng,spa
Tom estaba preocupado de que su nivel de colesterol estuviera un poco alto.,spa,spa
La paz no es la ausencia de violencia sino la presencia de justicia.,spa,spa
¿Me puede indicar el camino a la parada de buses?,spa,spa
La Revolución Industrial en un comienzo tuvo lugar en Inglaterra.,spa,spa
I've never smoked a cigarette in my life.,eng,spa
You just screwed up.,eng,spa
This rule should be followed.,eng,spa
No one saw Tom take it.,eng,eng
Please don't tell anyone about this.,eng,spa
Muchos manifestantes ocuparon la plaza.,spa,spa
¿Estás diciendo que mi vida corre peligro?,spa,spa
I must go to the bank to get more money.,eng,spa
Ella habla como yo.,spa,spa
They said that they weren't intoxicated.,eng,spa
"La cerveza no es tan perjudicial, al menos con moderación.",spa,spa
Mary said she was amused.,eng,spa
Pensé que las cosas iban a mejorar.,spa,eng
Tom doesn't have any reason to cry.,eng,spa
Me pregunto a dónde habrá ido.,spa,spa
La carne todavía no está.,spa,eng
¿Realmente quieres aquello en tu consciencia?,spa,spa
Debes dar tu mejor esfuerzo.,spa,spa
Could you please take a picture?,eng,spa
Keep off the flies.,eng,spa
I made myself as comfortable as I could.,eng,spa
I know Tom could get Mary to do that.,eng,eng
It's not going anywhere.,eng,spa
Siento una profunda aversión a los insectos.,spa,spa
Tom doesn't know the difference between astronomy and astrology.,eng,spa
Tom quería aprender algunas canciones francesas.,spa,spa
Mary could be a model.,eng,spa
Trabajo en un hospital.,spa,spa
May I think about it?,eng,eng
Olvidé su número de teléfono.,spa,spa
I said so only by guess.,eng,spa
It looks great so far.,eng,eng
Does your father know?,eng,spa
Tom and Mary said that they were really nervous.,eng,spa
The last three days have been hot.,eng,eng
Dame lápiz y papel para escribir mi número de teléfono.,spa,spa
Estos son lindos caballos.,spa,spa
¿Qué hiciste con tus zapatos?,spa,spa
I know Tom wanted be the next one to do that.,eng,eng
No quiero pelearme con Theodore Roosevelt.,spa,eng
Él trabaja como traductor.,spa,eng
Tom said that he wanted to see Mary win.,eng,spa
Es un experimento.,spa,spa
¡Nunca me vuelvas a hablar así!,spa,eng
Dile a Tom que se presente.,spa,spa
No podía creer lo que estaba viendo.,spa,spa
El hombre al que yo no conocía sabía muchas cosas sobre mí.,spa,spa
He comido mi sándwich.,spa,spa
"¡No se te olvide venir a estudiar, eh!",spa,eng
El significado de esta carta es incierto.,spa,spa
Tom kissed Mary. He kissed Alice as well.,eng,spa
Tom perdió las llaves de su auto.,spa,spa
Se quejó con él sobre la comida.,spa,spa
I'm a terrible writer.,eng,eng
Vayamos a preguntarle.,spa,spa
La multitud chilló cuando él marcó un gol.,spa,spa
Somos conscientes del problema.,spa,spa
He just did what he had to do.,eng,spa
Hay una huelga.,spa,spa
"Cuando estés triste, recordá que en algún lugar del mundo hay una boluda empujando una puerta que dice ""tire"".",spa,spa
¿A qué hora dijo que iba a venir?,spa,eng
Tom is hurt.,eng,eng
Tom said that he thought that Mary was outside.,eng,spa
Do you really want to go to Boston with me?,eng,spa
I'm really fed up with this heat.,eng,eng
I thought Tom would be embarrassed by that.,eng,eng
What could you do?,eng,spa
Tom thinks that that's good enough.,eng,spa
Le han dicho que ya no tiene saldo.,spa,spa
I solved that problem by myself.,eng,spa
Ella no les entiende.,spa,spa
El calendario gregoriano tiene como referencia el nacimiento de Cristo.,spa,spa
Will you reserve a room for me for tomorrow?,eng,spa
Trabajaré en tanto viva.,spa,spa
Powerlifting saved Tom's life.,eng,spa
Él grita mucho.,spa,spa
"Me preguntó si tenía experiencia en esa área, y le dije que no.",spa,spa
Japón no es lo que era hace diez años.,spa,spa
How wonderful a time we have had!,eng,eng
La suya es una competitividad un tanto patológica.,spa,spa
Mi tren sale a las seis en punto y llega allí a las diez en punto.,spa,spa
Yo regresaré pronto.,spa,spa
Necesito un montón de libros.,spa,spa
Look carefully. I'm going to show you how it's done.,eng,spa
Traza un círculo.,spa,spa
Estábamos encallados.,spa,spa
¿Y si te dijera que de veras quiero ser profesor?,spa,eng
Confirmo mi asistencia.,spa,spa
El avión tenía 500 pasajeros a bordo.,spa,spa
Do you really know what's going on?,eng,spa
He estado en Kioto dos veces.,spa,spa
Tom almost never goes swimming anymore.,eng,spa
I never want to see you again.,eng,spa
Tom is very secretive.,eng,spa
The umbrella that I lent you belongs to Tom.,eng,spa
Are we sure about this?,eng,spa
Let's visit Boston first.,eng,eng
Sus métodos son anticuados.,spa,spa
Context helps to define what is really meant.,eng,eng
Tanaka has said that he got up this morning around eight o'clock.,eng,eng
"Después del disparo, Jonas tambaleó hasta el jardín y finalmente se cayó.",spa,spa
I wasn't talking about you.,eng,spa
I especially want to thank our record-breaking sales team.,eng,spa
I had intended to visit the temple last week.,eng,eng
¿Qué deportes les gustan?,spa,spa
En Kabuki no solo cuenta el talento sino también la herencia.,spa,spa
Tom has done almost nothing we asked him to do.,eng,spa
No quiero leer el libro.,spa,spa
They said they planned to go Monday.,eng,spa
Mis axilas estaban sudando.,spa,spa
Something has to be done with this stuff.,eng,spa
Drink this juice.,eng,spa
They said they could fix it.,eng,eng
I suspect that Tom won't want to dance.,eng,spa
Tom se deprimió.,spa,spa
How did you know that Tom was going to do that?,eng,eng
"I didn't get the job, even though I was qualified.",eng,spa
I'd like scrambled eggs.,eng,spa
This old building isn't worth fixing up. It would be better to tear it down.,eng,spa
What if you were able to buy the house you've always dreamed of?,eng,spa
Mary says she knows Tom won't do that.,eng,eng
Tom has been urging me to join the army.,eng,spa
"No cuelgues, te paso.",spa,spa
There are some things that people like to avoid discussing.,eng,spa
Toda la dignidad del hombre reside en su pensamiento.,spa,spa
Lo lamentarás mucho.,spa,spa
Tom y Mary se necesitaban el uno al otro.,spa,spa
Tom said that he didn't know that Mary couldn't do that.,eng,eng
They look like they might cry.,eng,spa
I feel an aversion toward all this exhibitionism.,eng,spa
Quiero visitar Egipto algún día.,spa,spa
We need to reorganize it in order to strengthen our business activities.,eng,spa
I know that Tom is a very quiet neighbor.,eng,eng
I thought it would be fun to live in Australia for a year or two.,eng,spa
I really want to know why Tom didn't do that.,eng,eng
I received a letter from her to the effect that she couldn't accept my marriage proposal.,eng,spa
La convenció de que lo escuchara.,spa,spa
Vos construiste una casa de madera.,spa,spa
Nadie debería ver la televisión.,spa,spa
"Unfortunately, it's raining today.",eng,spa
I've written down Tom's phone number.,eng,eng
Él abandonó la escuela cuando iba en segundo.,spa,spa
Tom has always said I have a sick sense of humor.,eng,eng
I like my meat well done.,eng,spa
Él siempre llega a casa a las 6:00 p. m.,spa,spa
Dionisio es hermano de Apolo.,spa,spa
No lo entendemos.,spa,spa
Tom wanted to pay off his loan.,eng,spa
Es urgente concebir algo.,spa,spa
Mary says she's had three glasses of wine.,eng,spa
Tom wasn't very good last year.,eng,spa
You've got to respect them.,eng,spa
Lo que dijo me ha sorprendido.,spa,spa
"Como sea, al leer esta lista es imposible evitar asombrarse de que falte algo importante.",spa,spa
Tom isn't likely to start crying.,eng,spa
Estaba tranquila hasta que vi la jeringuilla.,spa,spa
No one knew Tom and Mary were there.,eng,spa
Tom se suicidó ahorcándose.,spa,spa
Esa palabra lo describe perfectamente.,spa,spa
Fadil is on the run.,eng,spa
Esta ciudad queda al pie de una montaña.,spa,spa
I don't think that we'll need to stay here much longer.,eng,eng
"El dinero no hace a la felicidad, la compra hecha.",spa,spa
No podría haberlo hecho sin ti. Gracias.,spa,spa
"Siempre que vean esta foto, acuérdense de mí.",spa,spa
She promised not to tell anyone.,eng,spa
Veniste temprano.,spa,spa
It's a beautiful day.,eng,spa
Él es novelista y poeta.,spa,spa
Ya has terminado.,spa,spa
Tom and Mary cleaned the garage all by themselves.,eng,spa
¿Adónde va la Luna cuando no está en el cielo?,spa,spa
I wonder if Tom and Mary are satisfied.,eng,spa
That's one of my concerns.,eng,spa
I'm quite hungry.,eng,spa
Tom has just gotten back from Australia.,eng,spa
Tom está sin trabajo durante las vacaciones debido a un recorte en la planta de acero.,spa,spa
El río corría lento y amenazador.,spa,eng
Tom said he'd help me get what I needed.,eng,spa
"Unfortunately, I was stupid enough to do that.",eng,eng
I didn't think that Tom would be asleep.,eng,spa
"En la Edad Media, la astronomía y el misticismo eran estudiados prácticamente juntos.",spa,spa
"Después que el árbitro marcara la falta, la hinchada empezó a abuchear.",spa,eng
Sos la persona que estaba buscando.,spa,spa
I turned Tom down.,eng,spa
¿Por casualidad conoce al profesor Brown?,spa,spa
Son un manojo de nervios.,spa,spa
I'll find Tom myself.,eng,spa
¿Puedo preguntar por qué?,spa,spa
Mi nuevo Alfa Romero convertible es rojo claro.,spa,spa
Why isn't anyone helping Tom?,eng,spa
Él ha sido elegido alcalde.,spa,spa
Will you permit us to leave now?,eng,spa
Tom gave this watch to me.,eng,spa
Uno de mis hobbies es la música clásica.,spa,spa
Fue tan amable y me compró un boleto.,spa,spa
Time to begin.,eng,spa
Mi hija está profundamente dormida.,spa,spa
Estos bancos son mejores que aquellos.,spa,spa
Nada mal para alguien que está jugando por primera vez.,spa,spa
Así no se comporta un caballero.,spa,spa
"El hombre propone, la mujer dispone.",spa,spa
I felt lucky.,eng,spa
Every one of his songs was a hit.,eng,eng
Turn left at the corner.,eng,eng
No entendí.,spa,spa
Mary said she was supportive.,eng,spa
"Tom's house is small, but it's big enough for him.",eng,spa
Una persona estúpida no deja de ser persona por ser estúpida.,spa,spa
He was completely tired from walking all day.,eng,spa
Don't you want to come along?,eng,spa
Mi comida favorita es el helado.,spa,spa
Él huyó de casa a los dieciséis años.,spa,spa
Un cheque es sólo un documento.,spa,spa
Tom estuvo en Boston sólo una vez.,spa,spa
Ella no lo aprobará.,spa,eng
Yo soy el que recibió la paliza.,spa,spa
Él se despidió de ella para siempre.,spa,spa
Tom is very busy nowadays.,eng,spa
Sami was convicted as an accessory to the murder of Layla.,eng,spa
The exact same thing happened to one of my friends.,eng,spa
I couldn't shake off his hand.,eng,spa
Tom tiene que tomar un remedio cada tres horas.,spa,spa
I think you've all met.,eng,eng
Mi sobrino es alérgico al huevo.,spa,spa
All requests are confidential.,eng,spa
El visitante no era otro que el director.,spa,eng
Tom and Mary couldn't be happier.,eng,eng
"And if so, what then?",eng,spa
Partiremos inmediatamente.,spa,spa
¿Has pensado en cenar conmigo?,spa,spa
"Leyó esta poesía sólo una vez, no puede saberla de memoria.",spa,spa
¡Esto lo demuestra todo!,spa,spa
Tom removed his tie and unbuttoned his collar.,eng,eng
La disfunción erectil puede ocurrir por causas orgánicas o psíquicas.,spa,spa
Ella hizo todo por ella.,spa,spa
The housing project has fallen flat.,eng,eng
"I'm busy. If that weren't the case, I'd accept your invitation.",eng,spa
The teacher compared my poem with a fellow student's.,eng,spa
Snow covered the bus.,eng,spa
I don't know who's coming.,eng,spa
I didn't know you worked here.,eng,spa
I've been very patient with you.,eng,spa
En Cuba se cultiva mucha caña de azúcar.,spa,spa
Trabajaron juntos en este proyecto.,spa,spa
There's no reason to keep it a secret.,eng,eng
Tom quería pasar el fin de semana en Boston.,spa,spa
When had he heard Marilla laugh like that before?,eng,spa
They formed a new political party.,eng,spa
Tom no pudo hacerse escuchar.,spa,eng
¿Quieren ir a una fiesta?,spa,spa
No me podés negar la verdad.,spa,spa
Creo que no soy tan listo como tú.,spa,spa
Tom conocía a un hombre cuyo padre fue un piloto de helicópteros durante la guerra de Vietnam.,spa,spa
El tren se descarriló.,spa,spa
Tom is very generous with his friends.,eng,spa
Hang on till I get to you.,eng,spa
El radar tiene interferencias.,spa,spa
El gato salió de la canasta.,spa,spa
A veces me escapo de mi oficina y me tomo una taza de café.,spa,spa
¿Cuánto tiempo se necesita para ir desde A a B?,spa,spa
Fadil picked up a few items and hit the road.,eng,spa
¿Cuándo vinisteis aquí?,spa,spa
"Mary is a good bassist, isn't she?",eng,spa
Es una picadura de araña.,spa,spa
¿Ya me puedo ir a casa?,spa,spa
¿Por qué no los detuviste?,spa,spa
I didn't think we could do that by ourselves.,eng,spa
El cubo de la basura olía mal.,spa,spa
I like to comb my hair.,eng,eng
Tom poured some milk into the glass.,eng,spa
"I've tried it for a few days, and I'm pretty sure you won't love it.",eng,eng
Gracias por la maravillosa cena.,spa,spa
Mary told me that she thought Tom would be quicker at doing that than John.,eng,spa
Many a man has lost his life at sea.,eng,spa
"En esta imagen hay cuatro personas: mi padre, mi madre, mi hermano y mi hermana.",spa,spa
Mary told me she's pleased.,eng,spa
Tom might not be able to speak French.,eng,spa
Layla took her panties off.,eng,spa
Él no tiene miedo a morir.,spa,eng
Después de su graduación regresó a Japón.,spa,spa
¿Quieres vino?,spa,spa
"Quien más lentamente promete, más fielmente mantiene.",spa,spa
She told me she's nervous.,eng,spa
Oramos para que nuestro padre nos perdonara.,spa,spa
Ahora lo digo de veras.,spa,spa
"Ya que el precio del jugo de naranja es siempre más alto que el del jugo de manzana, me fijo en ese precio y siempre aprovecho la ocasión para abastecerme de una buena reserva de jugo de naranja en ofertas especiales.",spa,spa
Small hills look flat from an airplane.,eng,spa
Es fácil responder a la pregunta.,spa,spa
"An authentic production will be recognized as such by any native speaker of sufficient experience, but the experience sufficient to one production may not suffice to another.",eng,eng
Uno puede separar a los perros en dos clases. Hay perros con dueño y perros sin dueño.,spa,spa
No hay un ascensor en nuestra casa.,spa,spa
¿Fuiste tú el que hizo sonar la campana?,spa,spa
"¿Dejaste que él te besara? ""Sí, ¿qué querías que haga? Todo sucedió tan rápido.""",spa,eng
You'd better go help Tom.,eng,spa
Aren't you going to be in Australia next October?,eng,eng
"You've told him, haven't you?",eng,spa
My shoes are not comfortable.,eng,spa
"El K2 es la segunda montaña más alta de la Tierra, después del Everest.",spa,eng
Mary started screaming at the top of her lungs.,eng,spa
Tom and Mary said that they would do what we asked.,eng,spa
"¡No me atrevo a investigar demasiado profundamente, para no descubrir la horrorosa verdad!",spa,eng
Tom and Mary are planning on going.,eng,spa
I wasn't able to rent a car.,eng,spa
El sábado es el día en el que él está libre.,spa,spa
Me gustaría jugar al tenis con ustedes algún día.,spa,spa
Me di cuenta que no podía ganar.,spa,eng
"Maybe in a different universe, the emotional and psychic environment is even different from ours.",eng,spa
¿Esta pelota es tuya o de ella?,spa,spa
Ella lleva todo el día trabajando.,spa,spa
This room can hold three hundred people.,eng,spa
You made me proud.,eng,spa
Tom doesn't teach anymore.,eng,spa
Tom didn't have to come at all.,eng,spa
Tom didn't want to tell anybody anything.,eng,spa
I wish you could be here with me right now.,eng,spa
Lo hizo simplemente por curiosidad.,spa,spa
Tom and Mary have become missionaries.,eng,spa
"Go straight down the road, and when you pass the traffic light you're there.",eng,spa
She asked me to polish her shoes.,eng,spa
Go and find him.,eng,spa
Tom dijo que entiende cómo te sientes.,spa,spa
José likes latin music.,eng,spa
Me gusta el vino.,spa,spa
We're not going to let that happen.,eng,spa
¡Pero qué bien huele eso! ¿Qué estás cocinando?,spa,spa
They knew that they were overweight.,eng,eng
Muchos armenios fueron forzados a dejar sus tierras.,spa,spa
Where did you humiliate them?,eng,spa
The dodo is an already extinct species.,eng,spa
Tom and Mary felt like they could do it.,eng,eng
Tom carried Mary's suitcase to her room.,eng,spa
"Si no estáis con nosotros, estáis en nuestra contra.",spa,spa
¿Cómo terminará?,spa,eng
Hay muchas manzanas en la caja. Unas son rojas y otras son amarillas.,spa,spa
No quiero comerme esto.,spa,spa
Mary probably doesn't know she should do that.,eng,eng
Ella lo estranguló.,spa,spa
Estáis interfiriendo.,spa,spa
¿Usted cree que lo condenarán?,spa,eng
I'm sorry I couldn't help you.,eng,spa
They told me that they weren't prepared.,eng,spa
El doctor le ordenó al paciente que se abstuviera de tomar vino.,spa,spa
This classroom is separated from that one by a wall.,eng,spa
Tom told Mary that he'd do that.,eng,eng
Sami put his hand on the Bible and swore to tell the truth.,eng,spa
África es la cuna de la humanidad.,spa,spa
Aprendí eso cuando estaba en la prepa.,spa,spa
Él puso su casa en venta.,spa,spa
Puede que hiele la próxima semana.,spa,spa
Este otro ascensor va más rápido que ése.,spa,spa
Nobody will convince me otherwise.,eng,spa
¿Hay algún remedio casero para la garganta seca?,spa,spa
¿Por qué no te consigues una casa decente?,spa,spa
Ella se disfrazó de él.,spa,spa
Voy a estar esperando cada minuto hasta que pueda verte.,spa,spa
I didn't know that Tom knew who did that to Mary.,eng,spa
All Tom does is read.,eng,spa
"En contraste con el perro, el gato se ha domesticado sólo recientemente.",spa,spa
Tom wondered what was going on.,eng,spa
Old age can be tough.,eng,spa
Todos fuimos niños alguna vez.,spa,spa
We will meet again.,eng,spa
Hoy viernes iré a cenar con mi esposa.,spa,spa
I think this is really interesting.,eng,spa
I sell umbrellas.,eng,spa
Ella se ofreció para ayudarlo.,spa,spa
¿Qué te ha golpeado?,spa,spa
He has said he won't do that.,eng,eng
¿Tenéis todo?,spa,spa
Tom thinks that what Mary did was wrong.,eng,spa
Do you want to see a movie that's both entertaining and thought-provoking?,eng,spa
Juró que nunca más iba a tomar.,spa,spa
It was her idea.,eng,spa
Acabo de cenar.,spa,eng
Hay diferentes técnicas de pintura; particularmente me gustan más los óleos de Velázquez que los de Goya.,spa,spa
The boy considered the dolphin his best friend.,eng,spa
"Ven aquí cerca, Tom.",spa,spa
Sabes a quién me refiero.,spa,spa
Lo que no es claro no es francés.,spa,spa
I'm about tired of this quiet life.,eng,spa
Él me ha dicho que su padre era doctor.,spa,eng
Don't you dare talk to me like that.,eng,eng
Tom is in the garden.,eng,spa
I need to get my oboe repaired.,eng,spa
Tom doesn't need to wait any longer.,eng,eng
"Si me ayudas con el inglés, te ayudo con el francés.",spa,spa
How large were they?,eng,spa
Llevaré dos completos con mostaza y ketchup.,spa,spa
Trabajo por la tarde.,spa,spa
Me da igual que venga o no.,spa,spa
Tom never asked me to dance.,eng,spa
Layla's death didn't serve any purpose.,eng,spa
La compañía aceptó su solicitud.,spa,spa
Sami taught biology.,eng,spa
Vi cómo su madre lo retaba.,spa,spa
Vivo en una casa adosada.,spa,spa
¿Dónde hay que deshacernos de los desechos?,spa,spa
Él la eligió por su sagacidad.,spa,spa
"Why is it that all their examples have been translated in dozens of languages, while ours have been translated in only a few?",eng,spa
"Mi amiga me dijo que sus padres esquían en Eslovaquia o Eslovenia, donde, según dicen, hay montañas grandes.",spa,spa
Él se golpeó en su rodilla.,spa,spa
Tom quería hablar.,spa,spa
The period is missing at the end of the sentence.,eng,spa
Tom might think you don't like Mary.,eng,spa
No soy celosa.,spa,spa
La marcha fúnebre me da miedo.,spa,spa
She was in the Americas last month.,eng,spa
You should always keep the room clean.,eng,spa
Why did you encourage Tom to do that?,eng,eng
Este es un caso muy raro.,spa,spa
"Me gustaría mucho quedarme con vosotros, pero no tengo elección.",spa,spa
¿Has llamado a Tom?,spa,spa
¿Herí tus sentimientos?,spa,spa
I was hoping Tom would do that for us.,eng,spa
Tienen una casa grande.,spa,spa
I was sorry to hear about her.,eng,eng
Tom asked if Mary really needed to do that by herself.,eng,spa
No hay nadie que no quiera tener buenos amigos.,spa,spa
They said that they enjoyed doing that.,eng,eng
Había todo tipo de actividades grupales.,spa,spa
Estaba muy excitado.,spa,spa
¡Nunca llegues tarde a un encuentro!,spa,eng
Todos están felices.,spa,spa
Muchos consumidores se muestran preocupados por el peligro para la salud que suponen los alimentos modificados genéticamente.,spa,spa
"Deberías ir y hacerlo, tal como dijiste que harías.",spa,spa
El chef se acercó a nuestra mesa.,spa,spa
Ve y habla con mi compañero.,spa,spa
Tom is going to retire next year.,eng,spa
En primer lugar la araña tejió una red.,spa,spa
Juguemos todos juntos.,spa,spa
No answer was given.,eng,spa
No puedes entrar en esta habitación.,spa,spa
Sami and Layla had a wonderful life together.,eng,eng
La piña ha sido cultivada por los indígenas.,spa,spa
¿Quién me trae fruta y té?,spa,spa
Tus habilidades de negociación no son malas.,spa,spa
Maybe it's time you got to know Tom better.,eng,eng
I like to go and watch baseball games.,eng,spa
It's coming up for Christmas.,eng,spa
We're looking forward to seeing you in Boston.,eng,spa
Tom descubrió dónde estaba Mary.,spa,spa
This is the best way to go.,eng,spa
Acabo de llegar a casa.,spa,spa
Perdí a mi mujer en un accidente de tráfico.,spa,spa
You'd better go with us.,eng,spa
¡Esta chica acaba con la paciencia de un santo!,spa,eng
Tom no pudo entender lo que Mary estaba diciendo.,spa,spa
She has her toes in the water.,eng,eng
"Pull yourself together, Tom.",eng,spa
He took no photos of the festival.,eng,spa
"Once you are married, you are done for.",eng,eng
Tom parece estar interesado de verdad.,spa,spa
I'm not your commanding officer.,eng,eng
Tom and Mary don't have any confidence in themselves.,eng,spa
"Fossil of plants, invertebrates, vertebrates, and trace fossils have been identified in Yellowstone National Park from more than 40 stratigraphic units spanning more than 540 million years from the Cambrian to the Cenozoic eras.",eng,spa
Lo hice bien.,spa,spa
"Si quieres seducir a este idiota, tienes que empezar a pintarte las uñas de rojo en lugar de mordértelas.",spa,spa
"Yo no tiemblo de frío, más bien de rabia. No se ha puesto más frío.",spa,spa
Tom said Mary was glad that you did that for him.,eng,spa
In the theater.,eng,eng
Lleva enfermo desde el domingo.,spa,spa
He often takes advantage of her ignorance.,eng,spa
Tom said Mary regretted what she did.,eng,spa
Se me ha ocurrido un buen plan.,spa,spa
Tom said he didn't plan on staying for so long.,eng,spa
That could have gone better.,eng,eng
"No, I'm not going to take it back.",eng,eng
I asked for a beer.,eng,eng
Have you ever watered your backyard?,eng,spa
Tom sabe qué decir para hacer que Mary lo perdone.,spa,spa
He was happy being a Jew.,eng,spa
Tom and I are no longer married to each other.,eng,eng
He barely missed being killed in the accident.,eng,eng
El lago Biwa apareció ante nuestra vista.,spa,spa
Tom is just trying to scare you.,eng,spa
Sami has positive memories from that neighborhood.,eng,spa
Tom sometimes has trouble keeping his balance.,eng,spa
I ran all the way to the station this morning.,eng,spa
"Cuanto más lo conoces, más te gusta.",spa,spa
"Mary is trying to do that, isn't she?",eng,spa
I'll pay today.,eng,spa
She persuaded him to do it.,eng,eng
Voy a buscar libros para niños.,spa,spa
Tom probably doesn't know he's supposed to do that.,eng,eng
Layla rebelled against authority.,eng,spa
Quiero relajarme mucho.,spa,spa
Ellos esperaron en fila el bus.,spa,spa
Where did he end up going?,eng,spa
Entiendo lo que dices.,spa,spa
Why are you turning red?,eng,spa
Este cuerpo no tiene vida.,spa,spa
"Yo iré al mercado esta tarde. ¿Qué hay de ti? ""No, yo no iré.""",spa,eng
I won't miss Tom at all.,eng,spa
People are going to talk.,eng,eng
"Entre las atrocidades cometidas durante la guerra hubo asesinatos, violaciones y mutilaciones.",spa,spa
A veces es necesario no decir la verdad.,spa,spa
Los tres chicos tenían solo dos dólares entre todos ellos.,spa,spa
He reddened like a schoolboy.,eng,spa
Deberías alejarte de él.,spa,spa
Can you point me in the direction of the central station?,eng,spa
Él bebió una taza de café.,spa,spa
¿Amas a tu esposa?,spa,spa
I hate your cooking.,eng,spa
Uno solo ve con los ojos. La esencia es invisible a los ojos.,spa,spa
Ella habló con un hilo de voz.,spa,spa
Hoy es el cumpleaños de mi mejor amigo.,spa,spa
I don't think Tom enjoys hiking.,eng,spa
"Esta flor es bonita, ¿no?",spa,spa
Be careful with her.,eng,eng
"María tiene un corte en la palma de la mano. Dicen que se lo hizo al cortar patatas, pero yo no me lo creo.",spa,spa
No podés ir.,spa,eng
I was in an agony of discomfort.,eng,eng
Las tormentas en el mar impidieron nuestro progreso.,spa,spa
He was framed on a murder charge.,eng,spa
Ojalá fuera rica.,spa,spa
¿El lago es profundo?,spa,spa
Was it complicated?,eng,spa
Your speech was splendid.,eng,spa
Él me dijo que iba de compras a Shibuya.,spa,spa
Tom said he wasn't sure he wanted to do that.,eng,eng
"¿Por cuánto tiempo has estado viviendo en Kobe, entonces?",spa,spa
Let's change the rules.,eng,spa
Mary isn't Tom's wife.,eng,spa
I don't think that Tom has to decide that today.,eng,spa
Él encontró su oficina sin dificultades.,spa,spa
He is the tallest person in the class.,eng,spa
No me puedo acordar de tu nombre.,spa,spa
Quiero jugar al tenis.,spa,spa
Please don't cry.,eng,spa
¿Por qué ya no me mira?,spa,spa
I did that just a while ago.,eng,spa
Tom said that he didn't have to go to Australia next week.,eng,eng
Fue una gran carrera.,spa,spa
Tom is richer than he seems.,eng,spa
Take this medicine. You'll soon feel better.,eng,eng
El policía sospechaba que el hombre era culpable.,spa,spa
Llegué aquí anoche.,spa,spa
Esa yegua tiene un ensillado.,spa,spa
¿Puedes hacerlo en treinta minutos?,spa,spa
"Oye, ¿cuál es el gran secreto? Anda; cuéntame a mí también.",spa,spa
The Tokaido line terminates at Tokyo.,eng,spa
Ha de tener casi cuarenta.,spa,spa
Why don't you go outside?,eng,spa
Los ciclistas de carreras se depilan las piernas.,spa,spa
La fusión es el pasaje de una sustancia del estado sólido al estado líquido.,spa,spa
Tom corrió y corrió hasta que finalmente atisbó la cabina telefónica.,spa,spa
Mary accused Tom unfairly.,eng,spa
Tom thought the movie was good.,eng,spa
"Habiéndose reconciliado después de una larga riña, Tom y Mary se reencontraron en medio de esta frase.",spa,spa
Sofía es la capital de Bulgaria.,spa,spa
Tomorrow would be a good time to do that.,eng,eng
I barely even remember Tom.,eng,spa
Tom es el más alto de nuestro curso.,spa,spa
Klearchos tried to force the soldiers to go; but they threw stones at him.,eng,spa
Aquí está el Japón.,spa,spa
"Lo siento, estaba distraído.",spa,spa
Su acento delata el hecho de que él es francés.,spa,spa
Esto nos encanta.,spa,spa
The Federal Reserve cut its benchmark discount rate to an 18-year low.,eng,spa
Aprobaría ambas cosas.,spa,spa
Tom got his nipples pierced.,eng,spa
I thought it might be fun to do that.,eng,eng
It is a toss-up whether to drink sake or whiskey; too much of either results equally in drunken revelry.,eng,spa
Sami messaged Layla when he got home.,eng,spa
Tengo una mesa de madera.,spa,spa
Aren't you going to work today?,eng,spa
Tom vio una película japonesa con subtítulos en francés.,spa,spa
I didn't think Tom would understand.,eng,spa
Yo todavía no me he acostumbrado a que me llamen la señora Jackson.,spa,spa
Tom needs your help.,eng,spa
Mejor no anhelar sueños imposibles.,spa,spa
Tom is the most popular boy in the class.,eng,spa
"De todos modos, quiero verlo.",spa,spa
No tenemos mucho tiempo.,spa,spa
"Si tuvieras una máquina del tiempo, ¿qué año visitarías?",spa,spa
No me siento bien y preferiría quedarme en casa hoy.,spa,spa
No falta mucho para que conozcamos la verdad.,spa,spa
Un día esta oruga se convertirá en una hermosa mariposa.,spa,spa
Más de un amigo mío no sabe nadar.,spa,spa
¿Existe cura para la estupidez?,spa,spa
"Because of rain, we couldn't go to the beach.",eng,spa
Sami doesn't have sixty bucks.,eng,spa
You can't find this article everywhere.,eng,spa
Tom was a public servant.,eng,eng
I like to go to the movies to see foreign films.,eng,spa
¿Quién ha hecho la foto?,spa,spa
La tienda se traspasó a finales del verano pasado.,spa,spa
Sami was being serious.,eng,spa
A cult member attempted to assassinate the queen with poisoned fruit.,eng,eng
I was surprised to learn that Tom and Mary were liberals.,eng,spa
El número de visitantes a Singapur está creciendo año tras año.,spa,spa
I saw Tom go into the store across the street.,eng,eng
Si me muerdes te devolveré el mordisco.,spa,spa
He likes to go fishing by himself.,eng,spa
La obra de Mario de Andrade retrata la cultura brasilera.,spa,spa
Subject numerals in Arabic language is quite difficult.,eng,eng
Tom le quitó la llave a la puerta del frente.,spa,spa
Creo que por eso Tom está aquí.,spa,spa
They said that they enjoy teaching French.,eng,spa
I would love to go.,eng,spa
"What's the Spanish for ""your face""?",eng,spa
I have a theory about her.,eng,eng
Me gusta tocar el piano.,spa,spa
I didn't know who Tom and Mary were planning to see in Boston.,eng,spa
El rey gobernó el país.,spa,spa
Tom said that he didn't want a sandwich.,eng,spa
Necesito mejorar mi francés.,spa,spa
La historia me recordó a mi padre.,spa,spa
El microondas estropea la comida.,spa,spa
A menudo me tumbo en este banco.,spa,spa
¿Cuántos relojes perdió Tom?,spa,spa
Es más pequeño que yo.,spa,spa
Encontré la ciudad en el mapa.,spa,spa
"Discúlpame, no quiero molestarte.",spa,spa
I bought a telescope in order to observe the night sky.,eng,spa
Vi a un hombre que venía directo hacia mí.,spa,spa
Tomorrow morning will be OK.,eng,spa
Tom no tiene pecas.,spa,spa
I could hardly refuse Tom's challenge.,eng,spa
Tom and Mary are in their pajamas.,eng,spa
She should be in jail.,eng,spa
They sacrificed a sheep.,eng,spa
"Por favor, inténtalo de nuevo.",spa,spa
Japón limita al este con el Pacífico.,spa,spa
Did you bake a cake?,eng,spa
Mira cómo se pone el Sol.,spa,spa
"A primera vista esto paracería perfectamente obvio, pero de hecho es muy difícil",spa,spa
A computer is to the brain like a bike is to the legs.,eng,spa
¿Has llegado a probar eso?,spa,spa
"Gracias. ""No, gracias a usted.""",spa,eng
"Let's have one for the road!, Tom told his friend at the pub.",eng,spa
I haven't checked the doors yet.,eng,eng
La alegría del corazón aumenta cuando se comparte.,spa,spa
¿Qué debería hacer? me dije a mí mismo.,spa,spa
I've got a bad hangover.,eng,eng
I still think Tom could help.,eng,spa
Tom didn't realize he was in any danger.,eng,eng
Tom confía en ella.,spa,spa
"Ama a tu vecino, pero no pases su cerca.",spa,spa
I thought Mary would have all the time she needed.,eng,spa
No soy materialista.,spa,spa
I don't think that Tom has much free time.,eng,spa
¿Te gustaría una almohada?,spa,spa
Podría estar liado el lunes.,spa,spa
Si un lenguaje suena bien o no depende del atractivo de la voz de la persona que lo habla.,spa,spa
Un libro cayó desde la estantería.,spa,spa
"Mary is resilient, isn't she?",eng,spa
"Tom is an interesting person, isn't he?",eng,spa
Maybe Tom doesn't know what to do.,eng,spa
Tom isn't feeling well.,eng,spa
No seas tan tonto.,spa,spa
Tom me dijo que estarías aquí.,spa,spa
"I like the station, but they broadcast the news too often.",eng,eng
Un incentivo siempre ayuda.,spa,spa
I told Tom not to believe everything he read on the Web.,eng,spa
Ella fuma como un carretero.,spa,spa
She didn't think it was funny.,eng,spa
She was only 18 when she graduated from university.,eng,spa
"Hey, didn't you wear that shirt yesterday?",eng,spa
I'll take you there someday.,eng,spa
Estoy muy seguro de que encontraré trabajo.,spa,spa
I wonder if Tom is still nervous.,eng,spa
Mi abuelo murió en la misma habitación en la que nació.,spa,spa
Las bromas de mal gusto pueden tener consecuencias serias.,spa,spa
Está cerca.,spa,spa
I eat here every day.,eng,spa
Tom and Mary told me that they were going to win.,eng,spa
"Yet beautiful and bright he stood, As born to rule the storm; A creature of heroic blood, A proud though childlike form.",eng,spa
En este momento mi hermano no está ocupado.,spa,spa
Compró un libro en la tienda.,spa,spa
It seemed that that house was small if it was compared with the cottage which he lived in even recently.,eng,spa
Él pensó: puede que sea un engaño.,spa,spa
Let me lead the way.,eng,spa
"¿Hay algo que te moleste, Tom?",spa,spa
What is her sickness?,eng,spa
I had a talk with her.,eng,eng
No doubt he will come.,eng,spa
Tom is about as tall as me.,eng,spa
Sami felt something hit his shoulder.,eng,eng
No puedo soportar ese calor.,spa,eng
Everyone is talking about us.,eng,spa
Ella es de constitución delgada.,spa,spa
She removed even this one.,eng,spa
George H. W. Bush had no respect for the dead whatsoever.,eng,eng
Han dormido en la misma habitación.,spa,spa
Fui a una nueva tienda de comestibles que han abierto en el barrio y me dieron pan de regalo.,spa,spa
The money is on the table.,eng,spa
There's little chance that Tom will win.,eng,spa
Everything went black.,eng,eng
I think Tom could be just the person we need.,eng,spa
What do you say to taking a rest?,eng,eng
Sami started harassing Layla.,eng,spa
"De hecho, tengo que contarte algo.",spa,spa
Te extrañé.,spa,spa
"There you have it all in a nutshell, Watson, and if you can give me any light I shall be infinitely obliged to you.",eng,spa
They had the absolute majority on this one.,eng,spa
I promise that I won't hit anyone.,eng,spa
I cry every time I see this film.,eng,spa
Jaume's grandmother spoke Catalan better than Spanish.,eng,spa
Ella no quería involucrarse.,spa,spa
Juntémonos y conversémoslo.,spa,spa
They're paying really close attention.,eng,spa
The girl is writing.,eng,spa
She went to school by car.,eng,spa
Quiero entrar en un club deportivo.,spa,spa
I have to take out the garbage.,eng,spa
Es demasiado hermoso para ser cierto.,spa,spa
Tom and Mary said they didn't expect anyone to do that.,eng,eng
I suspect that Tom and Mary were surprised when John walked into the room.,eng,spa
Tomás no quería ir.,spa,eng
Snap to it.,eng,eng
You speak English.,eng,spa
Can I tell my father what you want?,eng,eng
It is evident from his behavior that he lies.,eng,spa
Do you feel happy?,eng,spa
The child talks as if he were a man.,eng,spa
A Tom le costaba creer que no le gustaba en lo más mínimo a Mary.,spa,spa
I actually think that I might be able to do that.,eng,eng
Él se arrepiente de sus fechorías.,spa,spa
You need a specialized tool in order to fix this.,eng,spa
I'm immune to disease.,eng,spa
Tom está buscando las llaves de su coche.,spa,spa
The death penalty is final and irreversible.,eng,spa
I don't think that Tom can walk without a cane.,eng,spa
Tom no bebe.,spa,spa
No se puede agradar a todos.,spa,spa
Is anything up?,eng,spa
Mary is still unsure of herself.,eng,spa
I have a dog trained as a seeing eye dog.,eng,spa
I think you've made your point.,eng,eng
"Cuando Scrooge despertó, estaba tan oscuro, que, mirando de la cama, apenas podía distinguir de la ventana transparente las paredes opacas de su habitación.",spa,spa
Yo odio Boston.,spa,spa
The hikers traced a convoluted route through the mountains.,eng,spa
Tom asked Mary to find out what John wanted us to do.,eng,spa
We all know it.,eng,eng
Tom no tolera a Mary.,spa,spa
She has the advantage of beauty.,eng,spa
I met your son yesterday and he greeted me politely.,eng,spa
Those girls are beautiful.,eng,spa
No es responsable por lo que hizo Tom.,spa,spa
Please tell me about your hobbies.,eng,spa
No entiendo por qué Tom dejaría su paraguas en el auto.,spa,spa
We probably don't have enough money.,eng,spa
Te encontraron.,spa,spa
¿Podrías cerrar la ventana?,spa,spa
¿Cuándo fue la última vez que vendiste un auto?,spa,spa
I know Tom is a little worried.,eng,spa
¿Puedo tomar prestado tu paraguas?,spa,spa
¿Puedo hacer algo para ayudarte?,spa,spa
Do you play basketball?,eng,spa
Thomas has a picture of his family on his desk.,eng,eng
I don't think I could afford to buy a car like Tom's.,eng,spa
I think we've been cooperative.,eng,spa
¿Qué piensas de la guerra?,spa,spa
¿Aquel es tu perro?,spa,spa
¿Te he llamado en mal momento?,spa,spa
I didn't show them anything.,eng,spa
Debemos hacer el cambio.,spa,spa
Los niños son muy curiosos y hacen muchas preguntas.,spa,spa
Esta vez puedo vencer.,spa,eng
Thank you for your call.,eng,spa
Mary has everything that she wants.,eng,spa
Tom es el hombre de la casa.,spa,spa
He promises not to drink anymore.,eng,spa
Él sabe cómo se usa esta arma.,spa,spa
Mary told me she didn't do anything wrong.,eng,spa
¡Hacedlo de nuevo!,spa,spa
¡Qué falta de responsabilidad!,spa,eng
"They aren't the ones, are they?",eng,spa
Río Grande del Sur es un estado brasileño que está hacia el sur.,spa,eng
Just don't talk.,eng,eng
No esperes de mí sinceridad mientras tú tan claramente sigas mintiéndome .,spa,spa
Yo no soy tu criado.,spa,spa
Sami was packing up the diaper bag.,eng,spa
Vi una casa de techo rojo.,spa,spa
"Mary is swimming, isn't she?",eng,spa
¿Querés saber?,spa,eng
I seldom need to speak French anymore.,eng,spa
Tom said that Mary is probably still the one responsible for getting that done.,eng,spa
I need to go milk the cows.,eng,spa
¿Te has curado ya de tu resfriado?,spa,spa
"Since the nuclear bombings of Nagasaki and Hiroshima, Japan has maintained a respectful and pacifist tradition.",eng,spa
"Es una tarea difícil elegir qué está ""bien"" o ""mal"", pero has de hacerlo.",spa,spa
Please send help right away.,eng,spa
Usted es siempre bienvenido.,spa,spa
¡Me parece interesante!,spa,eng
No juegues conmigo.,spa,spa
Tom's yelling.,eng,spa
¿Juegas al futbol?,spa,spa
I can't stand it any longer.,eng,eng
Adoro a los músicos de rock.,spa,eng
I almost never get scared.,eng,spa
El cocodrilo atrapó a un ñu mientras éste intentaba cruzar el río.,spa,spa
He came just after you left.,eng,eng
No eres sino un alumno.,spa,spa
Tom debió haberle dicho a Mary.,spa,spa
Computers are complicated machines.,eng,spa
Tom thought that Mary wouldn't be able to beat him at chess.,eng,spa
Tom didn't know you weren't planning to stay.,eng,spa
"Debes hacer tus deberes, te guste o no.",spa,spa
Tom says he knows Mary could do that if she tried harder.,eng,eng
The loss of their mother grieved them very much.,eng,spa
"¿Cuál es su nombre, señor?",spa,eng
Both Tom and Mary are good at French.,eng,spa
Me gustaría ayudarte.,spa,spa
"Entre nos, no me agrada el nuevo capitán del equipo.",spa,spa
El trabajador murió a causa de la explosión.,spa,spa
No te atrevas a tocar eso.,spa,spa
Get out of bed.,eng,spa
Se te pasará.,spa,eng
Tom had a cat.,eng,eng
The reviewer is sharply critical of the novel.,eng,spa
Ella cerró la puerta fuertemente destrás de ella.,spa,spa
My favorite pizza is Pizza Hawaii.,eng,spa
It's raining hard and yet I must go.,eng,spa
We aren't bluffing.,eng,spa
The new bridge is in process of construction.,eng,spa
Mide el sofá. Yo creo que no va a caber en la sala.,spa,spa
Necesito la plata.,spa,spa
Can't you tell me how to do this?,eng,spa
Mary has long brown hair.,eng,eng
La bruja le lanzó un hechizo al niño travieso.,spa,spa
"If it rains tomorrow, will you stay at home?",eng,spa
La primera hablante nativa del esperanto nació en 1904; hoy en día existen varios miles de hablantes nativos de esperanto.,spa,spa
La señora Blanco hablaba tan despacio que podía entenderla.,spa,spa
El perro observa al gato.,spa,spa
The loss of their mother affected them greatly.,eng,spa
Tom tiene fama de no dejar nunca a nadie más decir nada.,spa,spa
"Shall I fetch your glasses from the living room, Dad?",eng,spa
Tom thought Mary wouldn't likely do that.,eng,eng
Sami could have made something out of his life.,eng,spa
Tom looked into the mirror and saw an old man.,eng,spa
"Pass me the broom and dustpan, please. I spilled some crumbs on the floor.",eng,eng
Tom recommended that I apply for the job.,eng,spa
"La gran inmencionable maldad en el centro de toda cultura es el monoteísmo. Desde el texto de la barbárica Edad de Bronce conocido como el Viejo Testamento; tres religiones antihumanas han evolucionado: Judaísmo, Cristianismo e Islam. Estas son religiones de un dios en el cielo. Ellas son; literalmente, patriarcales. Dios es el Padre omnipotente en consecuencia el desprecio hacia las mujeres durante dos mil años en aquellos países afligidos por el dios en el cielo y sus terrenales delegados machos.",spa,spa
I could see nothing good in this city.,eng,spa
La madre de Lucy le dijo que cuidara de su hermana menor.,spa,eng
His playing is mediocre.,eng,spa
Después de la lluvia crecen muchas setas en el bosque.,spa,spa
What have you been thinking about for so long?,eng,spa
Ellos ganaron.,spa,spa
"Tom is invited, isn't he?",eng,spa
We can help you find her.,eng,eng
Dejalo a Tomás.,spa,spa
They're doing their French homework.,eng,eng
Can you speak a language other than English?,eng,spa
Each one of my bothers has a large car.,eng,spa
Tengo insomnio.,spa,spa
Capturamos al ladrón.,spa,spa
"No puedo beberme eso, ni siquiera sé lo que es.",spa,spa
They dyed their hair.,eng,eng
Por favor trata de ser lo más breve posible.,spa,spa
Tom and Mary are waiting for dinner.,eng,eng
I don't think that I'll stay until the end of the concert.,eng,eng
Solía darme un paseo a lo largo de ese río.,spa,spa
Confesó su delito.,spa,spa
Tom said that it was an exciting game.,eng,spa
Tom may be incorrect.,eng,eng
Marry me and I'll make you happy.,eng,spa
El libro de Marc es muy interesante.,spa,spa
Al final decidimos pedirle consejo al profesor.,spa,eng
The song reminds me of my young days.,eng,spa
I thought you said that you wanted Tom to do that with you.,eng,spa
Ya sé manejar.,spa,spa
Rebeca se levanta muy temprano todos los días.,spa,spa
¿Ha tomado un baño?,spa,spa
Tom piensa que las ideas de usted son estúpidas.,spa,spa
¿Cuántos hijos tiene Tom?,spa,spa
Vive en el quinto pino.,spa,spa
Sami was talking about Layla in the video.,eng,spa
Tom seldom speaks French.,eng,spa
"No se preocupen, estamos bien.",spa,spa
We should try to get Tom to come to Australia.,eng,spa
I'm assuming Tom doesn't care.,eng,spa
Puede que sea francesa.,spa,spa
Él tenía amigos por todo el mundo.,spa,spa
Ella tiene tres años más que yo.,spa,spa
"First Asem, then Saule started to cry.",eng,spa
Why is Tom mad at you?,eng,spa
Un kilo de ketchup equivale a dos kilos de tomates.,spa,spa
Nuestro experimento ha revelado que su informe no era fiable.,spa,spa
"A medida que Gran Bretaña conozca la realidad de América Latina, estaremos más cerca de una solución.",spa,spa
"When she was in kindergarten, all the boys used to call her ""princess"".",eng,spa
Un perro feroz atacó a la niña.,spa,spa
De cobardes está el mundo lleno.,spa,spa
¿Qué estas intentando de hacer?,spa,eng
Ellos me arrebataron mi libertad.,spa,spa
Él vive en un pueblo cerca de Osaka.,spa,spa
Let me put on my glasses since I can't hear you.,eng,spa
Ella recibió un gato. El gato es blanco.,spa,spa
Él perdió casi todas las estampillas de su colección.,spa,spa
Tom doesn't have to work on Sundays.,eng,spa
La foto del accidente me da nauseas.,spa,spa
A campaign is underway throughout the company to achieve economy in the use of copying paper.,eng,eng
"Now, why are you here?",eng,spa
"If he hadn't wasted time, he'd be finished by now.",eng,spa
He vivido aquí desde que era un muchacho.,spa,spa
No puedes estar hablando en serio.,spa,spa
You should darken the colours a little.,eng,spa
Tom drives a Toyota.,eng,spa
I've been told not do that again.,eng,spa
"It's incredible, isn't it?",eng,eng
I'm afraid to kiss Tom.,eng,spa
¡Cristo resucitó!,spa,eng
Are you going to tell them?,eng,spa
Terminamos. Devuélveme el anillo.,spa,spa
El alardeó con su auto nuevo.,spa,spa
Prefiero ir a pie en lugar de tomar un taxi.,spa,spa
"Un arshín es 71,12 centimetros.",spa,spa
Tom said that Mary was likely to be fascinated by that.,eng,eng
¿Qué quieren decir?,spa,eng
Tom jamás fue el mismo después de eso.,spa,spa
They struggled.,eng,spa
Voy al cine todas las semanas.,spa,spa
Un nuevo estudio ha demostrado que el uso de camas solares puede causar adicción.,spa,spa
Tom isn't strong enough yet to do that.,eng,eng
Lo que dices no está relacionado con nuestro problema.,spa,spa
Su profesor debería ser estricto con él.,spa,spa
"Somos solo hombres, no dioses.",spa,spa
Tiene que haber llovido por la noche.,spa,spa
I don't want Mary to swim by herself.,eng,spa
Sami found Layla's journal and read it.,eng,eng
Cogí un resfriado el mes pasado.,spa,spa
Tú le harías concurrencia.,spa,spa
"Tom quería ayudar a Mary a rastrillar las hojas, pero ella estaba usando el único rastrillo.",spa,spa
"Visto el odio que pueden desencadenar ciertos comentarios, muchos prefieren dejar los errores antes que ser odiados.",spa,spa
Él dijo lo mismo una y otra vez.,spa,spa
Él siempre estaba listo para ayudar a las personas en problemas.,spa,spa
Tengo un fuerte dolor en la espalda.,spa,spa
I don't trust Tom any longer.,eng,eng
Corrimos detrás del gato.,spa,spa
He advised me to see a lawyer. This I did at once.,eng,spa
Él entiende bien el esperanto.,spa,spa
¿Por qué ya no habla conmigo?,spa,spa
Shadow him.,eng,spa
Mi nuevo par de zapatos es de cuero.,spa,spa
She says she's done nothing wrong.,eng,spa
¿Has desayunado?,spa,spa
Tengo que despertar a Tom.,spa,spa
Ésta es una canción que aprendí cuando era pequeño.,spa,spa
Hacía mucho que no dormía hasta tarde.,spa,spa
¿Qué comidas no deberías ingerir si estás embarazada?,spa,spa
Sami knows he has a meeting today.,eng,spa
Gracias por hoy.,spa,spa
Cuando lo conocí me sorprendió su inesperada pregunta.,spa,spa
No soy un pingüino.,spa,spa
Life in jail is tough.,eng,spa
I'll be in Boston until tomorrow.,eng,spa
El cielo es azul; el mar también es azul. El cielo y el mar son azules.,spa,spa
Ningún país ha sufrido tantos terremotos como Japón.,spa,spa
Me voy a Fukui.,spa,spa
She made a trip to Europe last month.,eng,spa
Supongo que la amas.,spa,spa
"Me gusta María, pero es muy crédula.",spa,spa
Podría llover a la tarde.,spa,spa
I know I don't need to do that.,eng,eng
"La fe no es el comienzo, sino el fin de todo conocimiento.",spa,spa
Ella no quería dejarle entrar.,spa,eng
Escogí la respuesta incorrecta.,spa,spa
Soy bueno en historia.,spa,spa
We decided not to do that.,eng,eng
Haz tu tarea ya.,spa,spa
Tom se hirió la rodilla cuando se cayó.,spa,spa
Yo siempre he jugado fútbol después de clases.,spa,spa
I think my engine is broken.,eng,spa
Toast!,eng,eng
¿Él tiene alma?,spa,spa
Tom stayed here three days last month.,eng,spa
Tenemos nieve en enero.,spa,spa
Tom and Mary say they don't know how John will do that.,eng,eng
It's no use crying over spilt milk.,eng,eng
They began arguing over money.,eng,spa
Aquí está la casa que compraron.,spa,spa
¡Amo mi lenguaje!,spa,eng
This flower makes the room!,eng,eng
La extinción es parte de la evolución.,spa,spa
¿Esto es un sueño?,spa,spa
Estoy seguro de que seré capaz de hacerlo.,spa,spa
Mi profesor de chino es un hombre.,spa,spa
Esta velocidad es una locura.,spa,spa
¿Cómo se llama este pez en inglés?,spa,spa
Tom always pays his credit card bill in full at the end of the month.,eng,spa
No sé cómo jugar al golf en absoluto.,spa,spa
"Tom ha perdido mucha sangre, pero no ha perdido el conocimiento.",spa,spa
Neither Tom nor Mary has been waiting here very long.,eng,spa
Este libro nos parece fácil.,spa,spa
Lo has hecho bien.,spa,spa
La experiencia es importante.,spa,spa
"I called him a few times, but he hasn't called back.",eng,eng
I really wasn't planning on doing that.,eng,eng
"Fear not this famine – 'tis an empty scare; / the Fates will find a way, and Phoebus hear thy prayer.",eng,eng
Me habló el hombre que estaba sentado a mi lado.,spa,spa
Ella todos los días cocina para el marido.,spa,spa
Aquí tienes un breve resumen.,spa,spa
Solo deseo tomar su mano.,spa,spa
Todos estos dispositivos no son de fiar.,spa,spa
I know Tom is greedy.,eng,spa
I don't think Tom is back.,eng,eng
Singapore has one big problem.,eng,spa
He pecado.,spa,spa
"En su juventud, el administró un hotel.",spa,spa
Tom helps Mary whenever she asks him to.,eng,spa
Piensa por un momento.,spa,spa
Tu coche está ahí.,spa,spa
¿Y esto no?,spa,spa
No tenemos nada que ocultar.,spa,eng
All stolen cars end up here.,eng,spa
Dame algo de beber.,spa,eng
"Retroceda unos pasos, por favor.",spa,eng
Mary said she wanted to go home early today.,eng,spa
Mary said she felt lonely.,eng,spa
¿Le haces esa pregunta a todo nuevo empleado?,spa,spa
La reforma será gradualmente entre el 2013 y 2027.,spa,eng
Tom is trying to suppress a smile.,eng,spa
¿Estás seguro de que ella puede hacerlo?,spa,spa
My brother sends you his warm regards.,eng,spa
Este colectivo puede transportar cincuenta pasajeros.,spa,spa
El profesor dijo que la Tierra es una esfera.,spa,spa
I wanted to go back to your village.,eng,spa
El país es rico en recursos naturales.,spa,spa
Me doy una caminata todas las mañanas.,spa,spa
Tom and I've known each other since 2013.,eng,spa
¿Cuál es tu bebida favorita de invierno?,spa,spa
El niño se acatarró.,spa,spa
We weren't in Boston with Tom.,eng,spa
The judge called for a recess of two hours.,eng,spa
La guerra es una manera brutal y dolorosa de intentar resolver las cosas.,spa,spa
Why couldn't Tom and Mary do that?,eng,eng
No pregunté lo qué pensás.,spa,spa
You seem to have mistaken me for my older brother.,eng,eng
Tom seems to want to study French.,eng,spa
El monte Everest es más alto que cualquier otra montaña en el mundo.,spa,spa
Mary said she was having a good time in Boston.,eng,spa
Porque estoy acostumbrado a levantarme temprano.,spa,spa
Tom asked that we be quiet.,eng,eng
Tom and I aren't the only ones who know what to do.,eng,spa
Me pusieron una multa.,spa,spa
Do you have a first aid kit?,eng,eng
Me aporreé los nudillos cuando le pegué al ladrón en la cara.,spa,spa
¿Dónde puedo conseguir un mapa de Europa?,spa,spa
They told me that they'd done that.,eng,eng
No todos los doctores ganan mucho dinero.,spa,spa
Planché el pañuelo.,spa,spa
Él nunca limpió su dormitorio.,spa,spa
I think Tom and Mary are prepared.,eng,spa
"¿Puede marcharse, por favor?",spa,eng
"De cualquier forma, partiré mañana.",spa,spa
Eres tan misterioso.,spa,spa
Nunca dije que fuéramos canadienses.,spa,spa
La belleza de este lago en la montaña no puede describirse en palabras; hay que verlo con los propios ojos.,spa,spa
How much did Tom pay you to kiss Mary?,eng,spa
Hoy es día de escuela. Mejor me aseguro de no llegar tarde...,spa,spa
La lluvia en Sevilla es una maravilla.,spa,spa
Las perspectivas no son halagüeñas.,spa,spa
Las novelas brasileras son vendidas a diversos países.,spa,spa
Tom sabía que María no sería capaz de convencer a nadie.,spa,spa
Tom es mi alma gemela.,spa,spa
"Según la radio, mañana lloverá.",spa,eng
You should've asked Tom for help.,eng,spa
No entienden por qué Mary se enfadó con ustedes.,spa,spa
No hay duda de que Tom envenenó a Mary.,spa,spa
No tengo acceso a Internet en casa.,spa,spa
Ellos hablan mucho.,spa,spa
All Tom does nowadays is swim.,eng,spa
Tom said that he thought Mary was nervous.,eng,spa
A muchas chicas les gusta Tom.,spa,spa
Podría matarla.,spa,spa
Tom put on his jeans and a T-shirt.,eng,eng
Tom was suspended.,eng,spa
Estoy comiendo papitas a la francesa.,spa,spa
Tom pensaba que Mary vendría a su fiesta.,spa,spa
I'm sure Tom would've told me if he'd known.,eng,spa
"Finalmente, nos dirigimos a nuestros lectores con una petición aún más importante.",spa,spa
We will not surrender.,eng,eng
I think that Tom is adventurous.,eng,spa
I should've helped Tom with his homework.,eng,eng
«¿A él le gusta la música?» «Sí.»,spa,spa
Estaba internado en el hospital.,spa,spa
"La locura es rara por individuo, pero es norma en los grupos, equipos, pueblos y las eras.",spa,spa
"Tomorrow, it will be cold.",eng,spa
Sami paid Layla to do this.,eng,spa
Ayer cobré.,spa,spa
Él se levantó y se marchó.,spa,spa
Does Mary like her job?,eng,spa
Cruzaremos el río en un barco.,spa,spa
No es tan fiero el león como lo pintan.,spa,spa
¿Todavía no has terminado de desayunar?,spa,eng
Voy al trabajo.,spa,spa
María ha tirado las fotos al fuego.,spa,spa
Le dolía la cabeza.,spa,spa
"The Caped Crusader is friends with Robin, the boy Wonder.",eng,eng
Quijote quizá venga de Quijada.,spa,spa
I appreciate your insights.,eng,spa
The children work well together.,eng,eng
¿Por qué es la liebre un símbolo de la Semana Santa?,spa,spa
Those who try to be foolish are foolish.,eng,spa
Tom told me he thought that Mary was bipolar.,eng,spa
Bello es eso que deseas creer que es bello.,spa,spa
"I could have gone to the seaside, but I went to the mountains instead.",eng,spa
¿Por qué piensas que Tom no ha ido hoy a la escuela?,spa,spa
"He sat smoking, with his wife sewing beside him.",eng,spa
I lied every time Tom asked me about Mary.,eng,spa
Mañana no estudian.,spa,spa
I knew that Tom would be a difficult person to deal with.,eng,spa
Me dicen que aún sigue vivo.,spa,spa
Tom needs his medication.,eng,spa
Los muebles del salón eran de estilo moderno.,spa,spa
The sale will be over in two days.,eng,spa
Is this wine from Argentina?,eng,spa
Me parece que me he dejado el paraguas en el tren.,spa,eng
"Cuando estaba arreglando el enchufe, le dio una sacudida.",spa,spa
We're all trying to make names for ourselves.,eng,spa
Mary paró un taxi y se subió.,spa,spa
Equivoqué las respuestas del examen.,spa,spa
El ano es el orificio por el que se expele el excremento.,spa,spa
Tom and Mary lost what little money they had.,eng,spa
Te traje helado.,spa,spa
Tom was almost dead when we found him.,eng,spa
"If God had consulted me before embarking on the creation of the planets, I would have suggested a simpler system.",eng,spa
Very beautiful. Thank you very much!,eng,eng
She felt regret for having been rude to him.,eng,spa
Don't make promises that you can't or don't intend to keep.,eng,spa
I know that Tom is a fairly good skater.,eng,eng
"About 85% of the California coast experiences active erosion due to natural, and anthropogenic causes.",eng,spa
No malgaste su dinero.,spa,spa
I got a B in arithmetic.,eng,spa
Are you saying you don't want to help us paint the ceiling?,eng,spa
No me gustas.,spa,spa
He still wants to come.,eng,spa
Tom prepared to leave.,eng,spa
Se ha desarrollado un nuevo medio de comunicación - el ferrocarril.,spa,spa
"Tom quiere que Oliver aprenda a boxear, pero María opina que es demasiado peligroso.",spa,spa
Tom and Mary are interesting people.,eng,spa
Nunca lo habríamos pensado.,spa,spa
Esa canción es pegajosa.,spa,spa
I thought I could have done better.,eng,eng
Do you think he'll agree?,eng,spa
¿Qué hora es ahora en Londres?,spa,spa
I think we've made our point.,eng,eng
Él puede tomar prestado mi ciclomotor durante unos cuantos días.,spa,spa
Su discurso fue demasiado corto.,spa,spa
Sami can hurt you.,eng,spa
A healthy child can no more sit still than a puppy can.,eng,spa
I'm Tom's wife.,eng,spa
Quiero enfatizar este punto.,spa,spa
I don't know anything about that guy.,eng,spa
I thought you said you'd help us do that.,eng,eng
¿Tienes alguna idea de cómo es mi vida?,spa,spa
Sami put the suitcase in his closet.,eng,eng
¡Que así sea!,spa,spa
Deberías ir a la sinagoga en shabat.,spa,eng
¿Por qué me lo pides a mí? ¡Si puedes hacerlo tú mismo!,spa,spa
Interlingua es fácil de aprender.,spa,eng
Tom had never really been close to anyone.,eng,spa
Este test es importante.,spa,spa
Esperaba que comprendieras lo que quise decir.,spa,eng
Sami really needs to go home.,eng,spa
It's a complicated language.,eng,spa
Tom and Mary are still trying to figure out why that happened.,eng,spa
Never trust a naked woman.,eng,spa
Tom forgot to tell Mary what time the concert started.,eng,spa
Tenés que ser más cuidadoso de ahora en adelante.,spa,spa
I think Tom wants to go to Boston with you.,eng,spa
I can't go tomorrow.,eng,spa
¿Puedo unírmeles?,spa,spa
Las personas que conducen coches deben ponerse el cinturón de seguridad.,spa,spa
"Tom and Mary are already in Boston, aren't they?",eng,spa
Tom leaned back and stared at the ceiling.,eng,spa
Tom and I want to get married.,eng,spa
Tu respuesta es incorrecta.,spa,spa
I thought I'd answered all your questions.,eng,spa
The Collosseum is the very icon of Rome.,eng,spa
We are going on a school trip to Osaka Castle tomorrow.,eng,spa
No puedo irme sin verlo.,spa,spa
La llave estaba tan oxidada que ya no la podían usar.,spa,eng
Conditions could change.,eng,spa
"Por cierto, ¿de dónde eres?",spa,spa
A mí también me agrada el té perfumado.,spa,spa
Asia es mucho más grande que Australia.,spa,spa
This girl is much stronger than him.,eng,spa
Corrige mi ortografía si es incorrecta.,spa,spa
"¿No nos hemos encontrado antes?, preguntó el estudiante.",spa,spa
Tom dijo que no quiere siquiera pensar en eso.,spa,spa
Where's the pharmacy?,eng,spa
¿Has desayunado esta mañana?,spa,spa
Tom vio la carrera con binoculares.,spa,spa
Es imposible para él tener listo eso en una hora.,spa,spa
Tom said that this is healthy.,eng,spa
No son capaces de ponerse de acuerdo en nada.,spa,spa
They told us they couldn't win.,eng,spa
"Tom is thickheaded, isn't he?",eng,spa
"Tan pronto acabes, vete de aquí.",spa,spa
It's not a fish.,eng,spa
Tom llama todas las noches.,spa,spa
They told me that they believed that.,eng,eng
When is Tom planning to do that?,eng,eng
Tom has been blamed for the mess.,eng,spa
"En el verano, la temperatura varía entre treinta y cuarenta grados Celsius.",spa,spa
¡Síguelo!,spa,spa
"Voy a tratar, pero no sé bien si pueda ir mañana al cine.",spa,spa
Sami was packing his bag.,eng,spa
Me tomé un vaso de cerveza para apaciguar mi sed.,spa,spa
Tom verdaderamente quiere mejorar.,spa,eng
The grizzly bear headed to the river to fish.,eng,spa
Why would you want Tom to do that?,eng,eng
Tom didn't visit Boston.,eng,spa
What's our problem?,eng,spa
Lo hiciste bien.,spa,spa
"If you're sleepy, you should sleep.",eng,spa
Los dos son espantosos.,spa,spa
«¿Por qué quieres morir?» «¿Por qué quieres vivir?»,spa,spa
The weather was getting worse and worse.,eng,spa
Avísame cuando averigües qué es.,spa,spa
¿Dónde estaba Tom cuando se desató el incendio?,spa,spa
John vino a Japón ayer.,spa,eng
Ya está hecho.,spa,spa
¿Cuándo te gustaría verle?,spa,spa
"Nos fuimos encariñando poco a poco, tirándonos flores por aquí y por allá.",spa,eng
Tenía la cara cubierta de barro.,spa,spa
Improving corporate performances are behind the stock market recovery.,eng,spa
Me insultó sin ningún motivo.,spa,spa
Ellos no mantuvieron su promesa.,spa,spa
My horse likes apples.,eng,spa
Tom said that Mary was lying.,eng,spa
¿A qué día de la semana estamos?,spa,spa
¿Oye mis palabras?,spa,spa
Soy oficinista.,spa,spa
Can I go in there now?,eng,spa
I intend to do that for you.,eng,spa
"Lamentablemente, voy un poco atrasado.",spa,spa
Quería hablarte de eso.,spa,spa
You have to stop helping Mary.,eng,spa
We're really good.,eng,spa
Tu padre estudió conmigo cuando íbamos al colegio.,spa,spa
¿Podría explicarnos cómo funciona el lavavajillas?,spa,spa
Nunca dudé del resultado.,spa,spa
What does this paragraph mean?,eng,spa
De las miserias suele ser alivio una compañía.,spa,spa
Tom has been rather busy recently.,eng,spa
I had good reason to be angry.,eng,spa
Sami sat back down.,eng,spa
¿A cuánto está el cambio de moneda?,spa,spa
Con vuestra ayuda atraparemos a Tom.,spa,spa
Tom is almost fully recovered.,eng,spa
Tom said he'd be going back to Boston right after the game.,eng,spa
Tom is reluctant to do that.,eng,eng
Mi profesor me guió en la elección de mi carrera.,spa,spa
El que no arriesga no gana.,spa,spa
Hay muchos platos sucios en la fregadera.,spa,spa
¿Cómo podía haber visto lo que hacías cuando estabas parado detrás de mí? ¡No tengo ojos por detrás!,spa,eng
La violencia de la conquista de México fue un espantoso capítulo en la historia de los pueblos americanos.,spa,spa
Ya lo discutimos.,spa,spa
Él caminaba en la ciudad.,spa,spa
He told me he didn't do it.,eng,eng
Tom and Mary cleaned their rooms.,eng,spa
¿Por qué intentaste escapar?,spa,spa
I think that something bad might happen.,eng,spa
Él felicitó a su hijo por haber conseguido el primer premio.,spa,spa
¿Es niño o niña?,spa,spa
Never mind all that.,eng,eng
¿Cómo supiste que estábamos aquí?,spa,spa
Era una cálida noche de verano.,spa,spa
¿Quieres que le diga a la policía?,spa,spa
Los conejos son animales sociales.,spa,spa
Please do not open the windows.,eng,spa
Tom todavía no se ha decidido.,spa,spa
You must take the apple.,eng,spa
¿Podemos salvar el planeta?,spa,spa
Detectives were watching Fadil's reactions.,eng,spa
"¿Qué has hecho con los cuatro yogures? ""Uno me lo he comido y los otros tres los he guardado en el frigorífico.""",spa,eng
No sé quién hablaba conmigo.,spa,spa
It matters to us.,eng,spa
Mi amigo tuvo ayer un examen muy importante.,spa,spa
I've brought a gift for Tom.,eng,spa
He always tries to trip people up.,eng,spa
Layla remembers Sami.,eng,spa
I knew that Tom very well.,eng,spa
Estaba absorto en sus pensamientos.,spa,spa
Everything has been arranged.,eng,spa
"As for me, I have nothing against the plan.",eng,spa
Tom respondió a todas las preguntas que le hizo Mary.,spa,spa
El chico que está parado por allá es mi hijo.,spa,spa
He felt his knees tremble.,eng,spa
Sami was a damaged child.,eng,spa
Tom y Mary son hijos únicos.,spa,spa
Donde hay niños hay una edad de oro.,spa,spa
There are always choices.,eng,spa
Tomás hizo trampa.,spa,spa
Tom isn't the only boy invited to Mary's party.,eng,spa
You could've told the truth.,eng,spa
¿Te divierte vivir así?,spa,spa
No le importan los contribuyentes.,spa,spa
El teléfono dejó de funcionar.,spa,eng
¿Qué es la verdad?,spa,spa
Let's go to a concert in LA.,eng,eng
"No quiero hacerme un análisis. No me impresiona la sangre, pero no me gusta que me pinchen.",spa,spa
I expect him to pass the examination.,eng,spa
I'll follow your advice.,eng,spa
Tom and I talked for quite a while this afternoon.,eng,spa
He is not your dad.,eng,spa
Mary barely touched her food.,eng,spa
Aquélla no se vende.,spa,spa
"Si no podés encontrar ese artículo en la web, intentá buscarlo en esta enciclopedia.",spa,spa
"That sound annoyed me at first, but now I've gotten used to it.",eng,eng
Esperamos que ustedes entiendan en la difícil situación que nos encontramos.,spa,spa
¿Te sabes su número?,spa,spa
I don't know where Boston is.,eng,spa
¿Hay una habitación para mí?,spa,spa
Vete a bañar.,spa,spa
Hay un número incalculable de cuerpos celestes en el espacio.,spa,spa
"What will you do with the body, my lord?",eng,spa
Había un alemán en la fiesta que no sabía una palabra de portugués.,spa,spa
"En verano, es esencial beber mucha agua cuando sudamos.",spa,spa
It is necessary to fight AIDS with whatever weapons are at hand.,eng,spa
I'm sure I can get away with it.,eng,eng
Tenemos que aprender inglés.,spa,spa
"Nunca hubiera pensado que algún día buscaría ""viagra"" en Wikipedia.",spa,spa
¿La próxima semana estarás disponible para una cita?,spa,spa
This is the first time I've ever fanned myself with a true fan.,eng,spa
Tom would've done that by himself if Mary hadn't been there.,eng,spa
Ellos te engañaron.,spa,spa
Tom and Mary said they wouldn't mind waiting for us.,eng,spa
Dame tres tizas.,spa,spa
Tom won't be permitted to do that again.,eng,spa
Sami put the gun in Layla's sewing basket.,eng,eng
"Sometimes, your worst enemy is sleeping right next to you and you don't realize it.",eng,eng
I've explained the problem to Tom.,eng,spa
Tom and Mary said they plan on doing that.,eng,eng
Can you tell me how to get to the library?,eng,spa
"No queria haber matado aquella señora con el coche, sin embargo, conducir bebido fue muy negligente..",spa,spa
"At first, I thought I had an advantage because I spoke a Romance language.",eng,spa
Sami was busy preparing his speech.,eng,spa
Si Tom no hubiese sido tan inseguro probablemente habría aceptado el amor de Mary.,spa,spa
¿Cuántos cadáveres tienen en su sótano?,spa,spa
La mejor forma de hacer verdad tus sueños es despertando.,spa,spa
She told me she was doing fine.,eng,spa
Le proporcionará lo que usted necesita.,spa,spa
¿Me invitas a un café?,spa,spa
"You've never been here, have you?",eng,spa
I need to get to the hospital.,eng,spa
I think that I'll be in Boston by 2:30.,eng,eng
You may go now.,eng,spa
Llegué ahí justo a tiempo.,spa,spa
Tom and Mary knew they didn't have enough time to do what had to be done.,eng,spa
I've made a decision.,eng,spa
I could hardly keep from laughing.,eng,spa
¡No la toque!,spa,eng
Espero que mi sueño se haga realidad.,spa,spa
Pensé que podríamos salir por algo de comer.,spa,eng
"If Tom doesn't do what he's supposed to do, please let me know.",eng,spa
Eres mi héroe.,spa,spa
Dudo que Tom alguna vez regrese a casa.,spa,spa
Está pensando en su próximo viaje.,spa,spa
En la oficina actual ya no caben más personas.,spa,spa
What are you doing home so early?,eng,spa
El chico saltó al agua.,spa,spa
Ella cumple diecisiete años en febrero.,spa,spa
I was there at the same time Tom was.,eng,spa
My cat needs surgery.,eng,spa
Esta mañana he ido al trabajo en bicicleta.,spa,spa
En cuanto leyó la carta la rompió.,spa,spa
Do you remember what to do?,eng,spa
Sami stayed faithful to Layla.,eng,spa
Maybe you'd like to meet him.,eng,spa
Ella es una muy buena nadadora.,spa,spa
Tengo una cita previa.,spa,spa
I couldn't come because of the rain.,eng,spa
Tom and Mary invited me to their home.,eng,spa
"El tomate es una verdura, no una fruta.",spa,spa
Eres adoptada.,spa,spa
Tom explained the rules in detail.,eng,spa
Ella salió con sus amigas.,spa,spa
Sami's lizard was making a strange noise.,eng,spa
No me puedo acordar de todos sus nombres.,spa,spa
The last time that I saw Tom was at your place.,eng,spa
El caballo está lejos de la casa.,spa,spa
¡Sé intrépido!,spa,spa
El espejo está muy sucio.,spa,spa
Is there something in the refrigerator that we can drink?,eng,eng
Down with the king!,eng,eng
It's freezing here.,eng,spa
I fell in love with a woman.,eng,spa
Sé que es importante para ti.,spa,spa
Send this by airmail.,eng,spa
La carencia afectiva puede llevar a una persona a cometer suicidio.,spa,spa
Es desconocido el nombre de mi país.,spa,spa
Things went well.,eng,spa
Please don't make so much noise. I'm trying to work.,eng,eng
"Water springs out of a fountain, flows downwards in a brook, runs in a beck, stands in a pond, glides in the stream, is whirled about in a whirlpool and causes fens.",eng,spa
Ella lo convenció de aceptar el soborno.,spa,spa
"Sami worked very hard to provide a better life for his daugther, Layla.",eng,spa
"Ella es más inteligente que Mary, pero no es tan bella como Mary.",spa,spa
I feel really bad about that.,eng,eng
Somos varones.,spa,spa
Tom and Mary spend a lot of money on their son.,eng,spa
Me encanta aprender cosas nuevas.,spa,spa
Can I have a private opinion?,eng,spa
The man swimming in the river is my friend.,eng,spa
¿La torre es tan importante en el juego de ajedrez?,spa,spa
Ya es hora del almuerzo.,spa,spa
Dejanos algunas frases para traducir.,spa,eng
We need a plan B.,eng,eng
You never called. What's up with that?,eng,eng
I used to want more than this.,eng,spa
Tom is counting his money.,eng,spa
It's going to be difficult to find somebody to replace Tom.,eng,spa
"El gobierno es corrupto, pero la oposición es poco mejor.",spa,eng
Di a luz a mi primer hijo el año pasado.,spa,spa
I don't see a single way out!,eng,eng
La justicia es la ley de los débiles.,spa,spa
Tom didn't think Mary was surprised.,eng,spa
Mi humor depende completamente del estado del tiempo.,spa,spa
Los milagros realmente existen y creemos en ellos.,spa,spa
I compared this picture with that picture.,eng,spa
I have no objection to Tom going to Australia with Mary.,eng,spa
La forma del tejado se parece a una pirámide.,spa,spa
¡Usted no entra aquí sin corbata!,spa,spa
Yo creo que él es feliz.,spa,spa
¿Os habéis vuelto locas?,spa,spa
"Entonces, el camión de la basura no vendrá mañana.",spa,spa
Don't you miss that?,eng,eng
María maneja pésimo.,spa,spa
I thought it'd be more expensive.,eng,spa
"No hace falta que vengas a la oficina, te puedes tomar el día libre.",spa,spa
"A sumo wrestler thinks nothing of consuming 20,000 calories a day.",eng,spa
Tom won't get away with it this time.,eng,spa
She still lives by herself.,eng,spa
Gracias a Dios que sobreviví.,spa,spa
La llegada de las tropas condujo a más violencia.,spa,spa
No quiero vivir por siempre.,spa,spa
¿Qué haces aquí?,spa,spa
"Opening the door, I found a stranger standing there.",eng,spa
"Look, Tom, we have to move.",eng,spa
Tom said that he thought that Mary wasn't having fun.,eng,spa
They're thieves and murderers.,eng,spa
¿Qué estaba comiendo Tomás?,spa,spa
He's a weirdo.,eng,spa
La mayoría de los estudiantes aquí son aplicados.,spa,spa
Sami's dog is distracting us.,eng,spa
I'm not defending Tom.,eng,spa
Tom buscaba sus llaves.,spa,spa
"Si haces eso con él, te vas a arrepentir.",spa,eng
¿Lo tienen en rojo?,spa,spa
Me miró sorprendido.,spa,spa
Ese borracho está molestando a las dos chicas.,spa,spa
That's commonplace.,eng,spa
Mi madre le está preparando una tarta a mi padre.,spa,spa
¿Están ustedes listos?,spa,spa
De noche no hay mujer fea.,spa,spa
This is offensive.,eng,spa
Tom says I have to babysit tonight.,eng,eng
Muchas personas emigraron a América.,spa,spa
"As I got the train, I didn't think I wouldn't return any more.",eng,spa
"You didn't happen to get her phone number, did you?",eng,spa
Ahórrate la saliva.,spa,spa
Existen numerosas universidades en Kioto.,spa,spa
He oído la versión francesa de esta canción.,spa,spa
Do you want to tell him?,eng,spa
I thought that you were used to living in a trailer.,eng,eng
Lo tengo todo menos dinero.,spa,spa
¿Puedo enchufar esto a una toma de corriente de 220 voltios?,spa,spa
No estoy de acuerdo con ellas.,spa,spa
¿Dónde están tus niños?,spa,spa
"You forgot to tell Tom where to meet us, didn't you?",eng,spa
Why don't you come to Australia?,eng,spa
What Tom thinks isn't important.,eng,eng
Es un hombre cuyo corazón está lleno de esperanza.,spa,spa
We can work outdoors only as long as it's light.,eng,eng
I wonder whether or not Tom is unmarried.,eng,spa
Are you teasing me?,eng,spa
That looks like tea.,eng,spa
¿Qué piensan acerca de la guerra?,spa,spa
Tom se halló encadenado a un enorme tubo en una fábrica abandonada.,spa,spa
¡Qué bien canta ella!,spa,spa
Él cortó la cuerda con sus dientes.,spa,spa
Sami was just trying to do the right thing.,eng,spa
I borrowed money from her.,eng,eng
"One day in July, we went to the sea.",eng,spa
Sami visited Istanbul during the Eid holiday.,eng,spa
La noticia de su embarazo la tomó por sorpresa.,spa,spa
Tom said that he thought that he might not be permitted to do that by himself.,eng,spa
A Tom no le gusta cuando Mary lo critica en público.,spa,spa
Tom eligió pasar las Navidades con Mary en vez de con su familia.,spa,spa
Él no me dijo cuando volverá.,spa,eng
Who will guard the guards themselves?,eng,spa
Tom said Mary frequently does that by herself.,eng,spa
Tom is the only guy I know who has a pilot's license.,eng,spa
Tom told Mary that he didn't think John was faster at doing that than Alice.,eng,spa
Tom didn't show up for the appointment.,eng,eng
Tom wanted to get home before dark.,eng,eng
Quiero ser quien menos regale.,spa,spa
Ellos se divertían.,spa,spa
Ese país es rico en recursos naturales.,spa,spa
I should get packed.,eng,spa
Asegúrate de que esté bien lubricado.,spa,spa
"¿De quién se trata, Tom?",spa,spa
¿Alguna vez has comido un pastel de plátano?,spa,spa
¿Ya lo terminaste?,spa,spa
Esos detalles llevan el sello de la verdad.,spa,spa
Con tanto ruido no se puede dormir.,spa,eng
I have accustomed myself to work long hours.,eng,spa
"Préstame tu diccionario, por favor.",spa,eng
Esta botella contiene un poco de güisqui.,spa,spa
Tu hermana disfruta el ver luchas de sumo en la TV.,spa,spa
Ella tiene un cierto talento literario.,spa,spa
I hope you can schedule time to do that.,eng,eng
Jiro no ha vuelto todavía de Nueva York.,spa,eng
I knew he didn't die.,eng,spa
What's wrong?,eng,spa
¿Cuánto deberían obtener?,spa,eng
¿Por qué estás en este barco?,spa,spa
Mary is off doing her own thing.,eng,spa
Él sufría de dolor de estómago.,spa,spa
Your son is an angel.,eng,spa
Children go back to school in autumn.,eng,spa
¿Piensas que estoy de broma?,spa,spa
Yo no quería morir.,spa,eng
Don't you intend to do that?,eng,eng
El nombre del hombre que vi ayer es Hill.,spa,spa
I don't think it's fair that you pick me over her!,eng,eng
Did Tom and Mary have an argument?,eng,eng
"I am a snake, my name is Lucy.",eng,spa
Ella le compró a él unos dulces.,spa,spa
Mis calificaciones eran promedio.,spa,spa
Tomás desapareció.,spa,spa
I won't kill you.,eng,spa
I doubt she knows what she's talking about.,eng,eng
Despluma a los pajaritos antes de hornearlos.,spa,spa
Thanks for your hospitality.,eng,spa
Yo diría que el segundo.,spa,spa
"Tom isn't up, but Mary is.",eng,spa
"Tom will do that tomorrow, too.",eng,spa
No estoy aquí por diversión.,spa,spa
Esta sopa está muy salada.,spa,spa
Él le preguntó a Nancy si estaba libre al día siguiente.,spa,spa
Descubrimos una gran novedad.,spa,spa
I thought I could get more.,eng,spa
Tom and Mary said there wasn't anything they could do about that.,eng,eng
¡Nos hemos hablado ni una sola palabra!,spa,spa
"Me gustaría uno por el pasillo, por favor.",spa,eng
"When I return in the evening, I'm always very tired.",eng,spa
Lo echo de menos.,spa,spa
La casa de Tom se quemó.,spa,spa
I'd be happy if you'd come.,eng,spa
Me encantaría bailar con vos.,spa,spa
"He tried it again, but in vain.",eng,spa
La novia lo dejó plantado en el altar.,spa,eng
"You know what to expect, don't you?",eng,spa
It's not something that I can decide quickly.,eng,spa
This is not my first time canoeing.,eng,spa
No puedes confiar en nadie.,spa,spa
"Let's sing this song, shall we?",eng,spa
Tom debe despertar.,spa,eng
Even small amounts of lead are dangerous.,eng,spa
Tom says he knows what Mary is doing.,eng,spa
You should've told Tom and Mary why they needed to do that.,eng,eng
I'm doing that already.,eng,spa
Layla sold her company.,eng,spa
Neither Tom nor Mary has been around for very long.,eng,spa
"Quien se casa por amores, malos días y buenas noches.",spa,spa
No lo invité.,spa,spa
Ésos son cucos.,spa,spa
I didn't think Tom would be so skeptical.,eng,spa
Déjame hacer mi trabajo.,spa,spa
They are free from care.,eng,spa
I wanted to thank you.,eng,spa
Véndemelo.,spa,spa
Todos saben que eres rico.,spa,spa
Is there a better way to do that?,eng,eng
Es fácil de hacer y es simple.,spa,spa
I wish you'd quit doing what you're doing.,eng,spa
"Lo siento, llegué tarde.",spa,spa
¿Sientes que te queda bien?,spa,spa
"Mis padres fueron a la iglesia, pero yo no fui.",spa,spa
¡Oh! ¿En serio?,spa,spa
Tu mejor maestro es tu último error.,spa,eng
I've learned a little French.,eng,spa
I'm going to have dinner with my son.,eng,spa
Nuestro único testigo se niega a prestar declaración.,spa,spa
Tom burned a hole in his coat.,eng,eng
"He isn't so tall, is he?",eng,spa
Espero con ganas a verte la próxima semana.,spa,spa
Is this a big deal?,eng,spa
Fumar es poco saludable.,spa,spa
Mary juega bien al basquetbol.,spa,spa
You never seem to pay attention.,eng,spa
That's what really angered me.,eng,spa
Pinches tacos me cayeron mal.,spa,spa
Déjame contarte a cerca de los orígenes de esta escuela,spa,eng
Tom and Mary said that they'd buy what was needed.,eng,spa
"Dice que hablo muy rápido, pero es así que hablamos en portugués.",spa,spa
There are children here.,eng,spa
Mi amigo me preguntó si me sentía bien.,spa,spa
Acá hay una página que quizás encuentre útil si es que usted aún no es familiar con la información contenida en ella.,spa,spa
Es un libro español.,spa,spa
Esta sustancia absorbe CO₂.,spa,spa
Solo otro presidente había sido sometido a un proceso de destitución.,spa,spa
That's very elegant.,eng,eng
Tom will know what that means.,eng,spa
"No es bonito, es hortera.",spa,spa
Tom has already decided he isn't going to try to escape.,eng,spa
Esto es mentira.,spa,spa
The flower is opening.,eng,spa
Nos sentamos uno al lado del otro.,spa,spa
Sami made more videos.,eng,spa
Mary said she I thought I should do that myself.,eng,spa
She said that she felt left out.,eng,eng
Muchos judíos fueron deportados por los alemanes.,spa,spa
Me dijeron que ustedes pasaban un invierno excepcionalmente frío.,spa,spa
Tell me what you ate.,eng,spa
No ha visto a nadie.,spa,spa
You're really looking much better.,eng,eng
Was the door closed?,eng,spa
Tom and Mary said they were very hungry.,eng,spa
I wanted to ask Tom how long he had lived in India.,eng,spa
¡Todavía queda mucho por hacer!,spa,eng
Tom te ayudará.,spa,eng
"Ni he coincidido, ni coincido, ni coincidiré jamás con tu modo de ver las cosas.",spa,spa
I hope it's worth it.,eng,eng
Era tan obvio.,spa,spa
The sun was on the point of rising in the east.,eng,eng
Es el pueblo en el que nací.,spa,spa
Nadar me es divertido.,spa,spa
Tom and Mary like their new jobs a lot.,eng,eng
"Quiero ser un doctor, un enfermero o un profesor.",spa,eng
I only drink water.,eng,eng
Tom and Mary told John that they thought Alice was unconscious.,eng,spa
"Él no se consideraba un cobarde, pero era visto así.",spa,spa
Haven't you asked Tom and Mary why they didn't do that?,eng,eng
I really need your help.,eng,spa
El hermano de mi padre y el hermano de mi madre son mis tíos.,spa,spa
La habitación está muy limpia.,spa,spa
She takes a bad picture.,eng,spa
Me baño casi todos los días.,spa,spa
"I still live in Australia, but my family has already moved to New Zealand.",eng,spa
What happened in the park?,eng,eng
A Jack le interesa la pintura.,spa,spa
Sé que estarás de acuerdo conmigo.,spa,spa
I have confidence in them.,eng,spa
Pasaré algunos días en tu casa.,spa,spa
Tom entendió lo que María quería decir.,spa,eng
Sami felt a little agitated.,eng,spa
Necesito una asistente.,spa,spa
Come on over.,eng,eng
No tenía por qué hacerlo.,spa,spa
"Cuando usted le hace un pedido a una estrella fugaz, en realidad le está haciendo un pedido a un meteorito.",spa,spa
The television serial is getting more and more interesting.,eng,spa
Ella es la más hermosa en el grupo.,spa,spa
I often ignore Tom's advice.,eng,spa
Sé que se fue a Londres.,spa,spa
La nieve impidió que llegáramos a tiempo.,spa,spa
¿Cómo se te ocurrió una excusa tan buena?,spa,spa
¿Crees en los extraterrestres?,spa,spa
Ella echó una ojeada al registro para ver si su nombre figuraba en él.,spa,spa
Estudiamos francés cada día en la escuela.,spa,spa
Don't confuse love and desire.,eng,spa
Mi mejor amiga está ahora en Roma.,spa,spa
Tom se quedó tirado cuando su coche se estropeó en el medio de ninguna parte.,spa,spa
Tom is on a diet because he's a little overweight.,eng,eng
Haré según tu propuesta.,spa,spa
"Si no hay solución, entonces no hay problema.",spa,spa
Sami didn't open the front door for Layla.,eng,spa
Mira los zapatos de Tomás.,spa,spa
Espero no haber dicho ninguna estupidez.,spa,spa
¡Ganaron ustedes!,spa,eng
No fewer than five hundred students were present.,eng,eng
¿Ahora qué vamos a hacer?,spa,eng
"¿Qué le gusta más, montar en bicicleta o hacer footing?",spa,spa
Es un precio bajo a pagar.,spa,eng
A la mitad de mi clase le gustan los perros.,spa,spa
What do you say we ditch this joint?,eng,eng
¿Qué puedes atisbar allí al frente?,spa,spa
Poland is a big country.,eng,spa
¿Qué sentido tiene que yo mienta?,spa,spa
Please write that down.,eng,spa
He is not so tall as you.,eng,spa
Juego a un juego de navegador.,spa,eng
I couldn't handle it.,eng,eng
Mary asked Tom join her group.,eng,spa
I filled in the blanks.,eng,spa
The young couple fell in love with each other very soon.,eng,spa
I was absolutely stunned.,eng,spa
Él va a ser padre por segunda vez.,spa,spa
Él le hizo una silla a su hijo.,spa,spa
"La chica se tropezó con la alfombra, pero consiguió mantener el equilibrio.",spa,spa
Can you abstain from smoking for a week?,eng,eng
Sami doesn't know many people who do YouTube.,eng,spa
Ellos informaron que el barco está a diez kilómetros de la costa.,spa,spa
There used to be a big pond around here.,eng,spa
Tom and Mary said that they thought I was funny.,eng,spa
Tom considers Mary a friend.,eng,spa
Él estaba ocupado.,spa,spa
No es fácil de acertar.,spa,eng
You said I was a liar.,eng,spa
El perro se lame la herida de la pata.,spa,spa
Do you remember what you were going to say before you were interrupted?,eng,spa
Su hija mayor no está casada todavía.,spa,spa
There were two cakes. I ate one and then I ate the other.,eng,eng
They don't sell phone credit.,eng,eng
Por largo tiempo los filósofos creían que el conocimiento era una convicción verdadera y justificada.,spa,spa
La corregí con educación.,spa,spa
Tom vino a visitarnos hace tres días.,spa,spa
"When I see him dance, I can't stop laughing.",eng,spa
I did it on Monday.,eng,spa
No puedo creer que me ames.,spa,spa
Tom y Mary tienen tres nietos.,spa,spa
Tom didn't think Mary was ready.,eng,spa
What he says sounds very sensible to me.,eng,spa
I wish I'd never told Tom about what happened.,eng,spa
Tom said that he was at home yesterday.,eng,spa
Aquí está nuestra estrella.,spa,spa
That was absolutely awesome!,eng,eng
¿Cuántos necesitas?,spa,spa
Él murió en mis brazos.,spa,spa
"To do him justice, we must say that he is a minor musician.",eng,spa
The car veered out of control and ploughed into a group of people at a bus stop.,eng,spa
¿Quién hizo el mono de nieve?,spa,spa
Come on any day you like.,eng,spa
Tom le preguntó a Mary si él podía tomar prestada su bicicleta.,spa,spa
Mary sorrowfully buried her mother.,eng,eng
Layla decided to silence the witnesses.,eng,spa
El dentista me hizo un empaste provisional.,spa,spa
La clase en la que me mandan más deberes es inglés.,spa,spa
They shouldn't have done what they did.,eng,spa
Tom is a lot better at it than Mary is.,eng,spa
Tom no entiende nada.,spa,spa
Yo nunca había visto un molino de viento hasta visitar Holanda.,spa,spa
Tom said he doesn't live in Australia anymore.,eng,spa
Creo que me tomaré otro cucurucho de helado.,spa,spa
"Hay personas que saben mucho, pero creen que no saben nada y hay personas que no saben nada, pero creen que saben mucho.",spa,spa
Mary can dance well.,eng,spa
I wonder if Tom and Mary are thirsty.,eng,spa
Mary will be very sorry she did that.,eng,eng
Cálmate. No te escucho.,spa,spa
"Get out of here, you dog!",eng,eng
To Sherlock Holmes she is always the woman. I have seldom heard him mention her under any other name.,eng,spa
That unstoppable feeling you have for her is definitely love.,eng,spa
Me he enterado del matrimonio de Tom con una mujer rica.,spa,spa
Esta leche tiene un olor extraño.,spa,spa
Necesito ponerme a dieta.,spa,spa
"Nacemos de una sola manera, pero morimos de muchas.",spa,spa
¿No te dice la gente que te pareces a Audrey Hepburn?,spa,eng
"Cuando uso una palabra, dijo Humpty Dumpty, significa justo lo que quiero que signifique - ni más ni menos.",spa,spa
Tom quería mandar un mensaje.,spa,spa
Voy a dormir.,spa,eng
Chris blandió su espada.,spa,spa
Have Tom and Mary told you anything yet?,eng,eng
Su situación era desesperada.,spa,spa
Siempre trato de cumplir las normas.,spa,spa
Yo llené el balde con agua.,spa,spa
Tom tried to escape from the police.,eng,spa
Yo sé que es difícil.,spa,spa
I can't explain it.,eng,eng
Tom wasn't wearing gloves.,eng,spa
Tomás consume poco alcohol.,spa,spa
Go straight ahead on this street.,eng,eng
Tom lived in Australia until he was thirty.,eng,spa
¿Qué te parece?,spa,spa
They need to sort it out themselves.,eng,spa
"Lo que me cabrea no es lo que dice, sino cómo lo dice.",spa,spa
"Yo la quiero mucho, pero no sé si la amo.",spa,spa
Una negra oscuridad es un ejemplo de un pleonasmo.,spa,spa
She said she felt invincible.,eng,spa
"He added that I should come to the party, too.",eng,spa
"Muslims believe only in Allah as the unique God, and in Mohammad as the last prophet.",eng,eng
¿Crees en el amor a primera vista?,spa,spa
No dejes de lado un detalle tan importante.,spa,spa
Es fácil responder a tu pregunta.,spa,spa
She sometimes takes a walk in the park.,eng,eng
Tom has been giving Mary a hard time.,eng,spa
Do you want me to give you a massage?,eng,spa
The old man drew a large crowd around him by his music.,eng,spa
Tom appears to be happy.,eng,spa
Where did you read that?,eng,eng
Tom needs to get a grip.,eng,spa
Quiero eso para luego.,spa,spa
"An idea not properly analized is not worth to exploit, the same as a life without self judgment is not worth to be lived.",eng,spa
¿Has decidido dónde vas a ir a estudiar al extranjero?,spa,spa
You need to keep Tom from doing that again.,eng,spa
"Time lost is time when we have not lived a full human life, time unenriched by experience, creative endeavor, enjoyment, and suffering. Time lost is time not filled, time left empty.",eng,spa
Los aullidos se hicieron más y más fuertes.,spa,spa
Tom will give Mary the details later.,eng,eng
I can't tell the difference between these two wines.,eng,spa
I'm pretty sure that Tom wasn't the one who did that.,eng,eng
¿Cómo está tu familia?,spa,spa
Usamos los artículos más en español que en otros idiomas.,spa,spa
La máquina ordena las cartas por su código postal.,spa,spa
¿Hirió Tom a Mary?,spa,spa
Para mí fue muy impactante.,spa,spa
"Para oírse, primero hay que escucharse.",spa,spa
Tom isn't the one who taught me how to swim.,eng,spa
Tom hizo a Mary lavar el carro.,spa,spa
Estar en Internet no es un lujo.,spa,spa
"In 2009, Korea suffered the dishonor of having the highest suicide rate amongst OECD countries.",eng,spa
Me confirmaron que publicarían las listas.,spa,spa
He soon got over the danger.,eng,eng
Sami is only a short distance away.,eng,spa
Acabaremos luego.,spa,spa
Ya he leído estos dos libros.,spa,spa
¿Quieres que te ayude a limpiar tu garaje?,spa,spa
Ken estuvo en Japón el año pasado.,spa,spa
En el bar pregunté a un parroquiano dónde está el ayuntamiento.,spa,spa
Ella hoy se encuentra mucho mejor.,spa,eng
I'll sue you.,eng,spa
"Por favor, no hagas tanto ruido.",spa,spa
"Para mi sorpresa, las puertas se abrieron en silencio.",spa,spa
A Tom no le gusta este color.,spa,eng
Tom rompió la ventana a propósito.,spa,spa
Nobody likes it.,eng,eng
Tom tiene que quedarse donde está.,spa,eng
What kind of music do you like?,eng,spa
The well has long since dried up.,eng,spa
¿El banco está abierto?,spa,spa
¿Sabes cómo se usa un diccionario?,spa,spa
"Tom has lived in Boston for thirty years, but he still doesn't seem to know the city well.",eng,spa
¿Qué comiste de desayuno?,spa,spa
Tom said that he thought he might not be allowed to do that by himself.,eng,spa
Please print only if necessary and recycle.,eng,spa
She has a ring worth more than she can imagine.,eng,spa
Te daré el artículo que escribí sobre ese tema.,spa,spa
"Cuanto más comes, más quieres comer.",spa,eng
Las deterioradas casas fueron finalmente destruidas por el pelotón.,spa,spa
Tom's curiosity got the better of him.,eng,spa
Dame todos los detalles.,spa,spa
Es un suicidio.,spa,spa
Mary knows exactly what she ought to do.,eng,spa
Ay.,spa,spa
"La gente nunca renuncia a sus libertades, sino bajo algún engaño.",spa,spa
Su conocimiento de inglés está por encima de la media.,spa,spa
Aren't you seeing anyone?,eng,spa
"Sin Tom, Mary no tendría nadie a quien acudir.",spa,eng
A Tomás casi lo lleva por delante un auto.,spa,spa
Yo también lo creo.,spa,spa
I'm getting pregnant tonight.,eng,eng
"A veces decimos: ""El sentido común es muy poco común"".",spa,spa
Lo he usado sin problemas.,spa,spa
A las cinco habrá café y un pastel.,spa,spa
"La mañana siguiente, para nuestro alivio, él volvió a casa sano y salvo.",spa,spa
Las lluvias echaron a perder la cosecha.,spa,spa
Tom hasn't ever done that.,eng,eng
Two weird men are sitting in a truck outside.,eng,spa
Tom pensó que era una buena idea.,spa,spa
"Genius must be born, and never can be taught.",eng,eng
I can cook.,eng,eng
Sami made a curious choice.,eng,spa
Tom se ofreció voluntario rápidamente.,spa,spa
Tom seemed really impressed.,eng,spa
You woke up early this morning.,eng,spa
Is she making a doll?,eng,spa
"How beautifully the flowers shoot forth, but I am not weaving garlands!",eng,eng
Didn't you do that yesterday?,eng,spa
Ella arrogantemente respondió en mi lugar.,spa,eng
Tom was there when his mother killed herself.,eng,spa
La entrada de la iglesia estaba jalonada de pordioseros y limosneros.,spa,spa
"No habéis estado nunca en Europa, ¿verdad?",spa,spa
The work should be ready tomorrow.,eng,spa
Tom and Mary visit me every time they come to Boston.,eng,spa
Tom and Mary do that because they want to.,eng,spa
Él llegará aquí alrededor de las cinco.,spa,spa
No sos estúpido.,spa,spa
Don't forget to call him.,eng,spa
Este libro es para estudiantes cuya lengua nativa no sea japonés.,spa,spa
How will the weather be tomorrow?,eng,spa
Take one of me.,eng,spa
¿Qué no he escrito?,spa,spa
Anochecía.,spa,spa
¿Crees que él aún piense en mí?,spa,spa
We have to show them that it's for real.,eng,spa
I didn't know that your mother lived with you.,eng,spa
Ella leyó su carta una y otra vez.,spa,spa
"Antiguamente, en Buenos Aires se festejaba el carnaval.",spa,spa
I hear you went to Harvard.,eng,spa
Why are we even talking about this?,eng,spa
A veces robo cosas.,spa,spa
Mary doesn't share her food.,eng,spa
She has a crush on Justin Timberlake.,eng,spa
Estoy feliz de que todo ello terminara.,spa,spa
Mary has an extensive collection of yuri anime.,eng,spa
It might be fun to try.,eng,spa
We must address the low standing of America test scores amongst industrialized nations in math and science.,eng,spa
Tom and Mary realized that they needed to do that.,eng,eng
Tom's technique is impressive.,eng,spa
My beloved girl is far away from me.,eng,spa
El sol está a punto de hundirse.,spa,spa
Sami and Layla spent their honeymoon in Egypt.,eng,eng
Los trenes pasan más seguido que los autobuses.,spa,spa
I'm beginning to believe that we'll never convince Tom he's wrong.,eng,spa
¡Sois unos cobardes!,spa,eng
Fue atraído por su sonrisa.,spa,spa
Me gusta jugar futbol.,spa,spa
Hablo un poco de francés.,spa,spa
Después de una noche de trabajo es el descanso más que bienvenido.,spa,spa
Tom notó que Mary estaba mirando a John.,spa,spa
What you have to do tomorrow - do today; what you have to eat today - eat tomorrow.,eng,spa
It'll be interesting to do that.,eng,eng
"Tenía mucho dinero, pero lo gasté todo.",spa,spa
Sólo me estaba asegurando.,spa,spa
Esto lleva su tiempo.,spa,spa
¿Votos a favor? ¿Votos en contra?,spa,spa
Eso es plástico.,spa,spa
We meant it.,eng,eng
Nuestra casa se reconstruyó por entero.,spa,spa
Parece que le estoy hablando a las paredes.,spa,spa
No quiero volver a ver la cara de ese tipo.,spa,spa
Tom tiene problemas llevándose con los otros estudiantes en su clase.,spa,spa
El aire de las grandes ciudades está contaminado.,spa,spa
The bun was half eaten.,eng,spa
¡No leas ese libro!,spa,eng
Tom and Mary promised John they'd eat everything on their plates.,eng,spa
Whoever doesn't know a foreign language doesn't know their own.,eng,spa
Todavía estoy soltero.,spa,spa
I don't like to be judged.,eng,spa
We stayed with them all through the summer.,eng,eng
Layla wanted to get rid of the evidence.,eng,spa
John passed the examination.,eng,spa
I don't think that you believe that.,eng,eng
Se me ha roto el cierre del maletero.,spa,spa
Ella vino aquí tan rápido como lo oyó.,spa,spa
Hay que fijar un precio.,spa,spa
Tom went into his room and closed the door.,eng,eng
"Aún tenemos que terminar de comer, pero cuando estemos listos iré en seguida.",spa,spa
Él no estaba en la reunión.,spa,spa
Se me hizo un poco tarde.,spa,spa
We stayed overnight in Boston.,eng,spa
The eggs are still hot.,eng,eng
¿Por qué no? Ella es sólo veinte años mayor que yo.,spa,spa
Sami moved to a quiet street.,eng,eng
Fadil spent every spare moment searching the web for a gift to buy Layla.,eng,spa
¿Qué pasará si la luz se apaga ahora?,spa,spa
Le aconsejó que visitara Boston porque pensaba que era la ciudad más bonita del mundo.,spa,spa
Nobody said you didn't try your best.,eng,eng
She looked like she was frantic.,eng,spa
Tuve que ir yo mismo.,spa,spa
Yawning in a meeting is not polite.,eng,spa
"Uno puede delegar trabajo, pero no responsabilidad.",spa,spa
How long does it take to get to the stadium?,eng,spa
Me encanta el brécol.,spa,spa
¿Me lleva esperando mucho tiempo?,spa,spa
I like that colourful dress more.,eng,spa
Tenemos un perro blanco con negro.,spa,spa
She liked my jokes.,eng,spa
You followed.,eng,spa
Primero llegaron los Celtas en el 600 a.C.,spa,eng
"In other words, you're stupid.",eng,spa
Where are you off to?,eng,spa
Tom llevó a su familia al zoológico.,spa,spa
Tom didn't know that he had to do that today.,eng,spa
El morrión es un casco típico español.,spa,spa
Se puso pálida al oír la noticia.,spa,spa
I trust you.,eng,spa
She admitted that she was nervous.,eng,spa
Yo no lo pensaría.,spa,spa
Tom is never going to have to worry about going hungry.,eng,spa
She liked partying with friends and drinking.,eng,spa
They dented their car.,eng,spa
Do you really think I want to do what I do?,eng,spa
He's my leader.,eng,eng
Tom provocaba a Mary.,spa,spa
Tom can't do it all by himself.,eng,spa
"If you change your address, please let me know.",eng,spa
La verdad es que yo quería morirme.,spa,spa
Sami had a brand new pair of shoes.,eng,spa
How's Tom tonight?,eng,eng
They told me they'd try again.,eng,spa
Él se cansa fácilmente.,spa,spa
They said they may do that.,eng,eng
Estamos luchando con algo de otro mundo.,spa,spa
Cada uno de ellos cantó una canción.,spa,spa
I've had it up to here with you.,eng,spa
"Caballeros, arranquen los motores.",spa,spa
Todo lo que sé es que él ya no quiere trabajar contigo.,spa,spa
"I'm a noob, shoot me.",eng,spa
She put her shirt on a hanger.,eng,eng
Moveré el panel solar del balcón al techo en su debido momento.,spa,spa
Three bears lived in that little house.,eng,spa
Quisiera venir con nosotros al cine.,spa,spa
Pisó caca de perro.,spa,spa
What else did you make?,eng,spa
He admitted that he left early.,eng,spa
Tom started acting strangely.,eng,spa
Eso suena razonable.,spa,spa
Él rompió su promesa.,spa,spa
Fadil and Layla wasted little time to try.,eng,spa
Ella le aconsejó que mantuviera sus promesas.,spa,spa
They certainly think they're clever.,eng,eng
Las conversaciones para el cese al fuego se iniciaron en Julio de 1951.,spa,spa
I hope that Tom isn't absent.,eng,eng
La cambiante política económica japonesa está sujeta a una escasez de mano de obra.,spa,spa
The cake that Tom made didn't taste good.,eng,spa
Alguien tiene que pagar.,spa,eng
I was saved.,eng,spa
No tenía más remedio.,spa,spa
I know that Tom isn't a wise man.,eng,spa
Voy de camino al trabajo.,spa,spa
I couldn't understand a word.,eng,spa
Layla has a guy that she's talking to at school.,eng,spa
Ella no fue lo suficientemente rápida.,spa,spa
Yoko bought some of them.,eng,spa
We should let sleeping dogs lie.,eng,spa
Tom looks a bit nervous.,eng,spa
"If Tom goes, I'll go with him.",eng,spa
Cantaron en el micro durante todo el viaje.,spa,spa
I don't like being cold.,eng,spa
Tom tried to reassure her.,eng,eng
Easter is near at hand.,eng,spa
"Quick, give me that.",eng,eng
Tom puede cantar unas pocas canciones en francés.,spa,spa
"If Tom were here, we'd be having more fun.",eng,spa
"Por favor, dame otra oportunidad.",spa,spa
Who broke the plate?,eng,spa
A white dove is on the roof.,eng,spa
Don't play with matches.,eng,spa
"When you're not with me, I sometimes feel lonely.",eng,spa
A Tatoeba le falta el botón de cerrar sesión.,spa,spa
¿Necesitas un sobre?,spa,spa
He borrowed two books.,eng,spa
Do you know who Tom killed?,eng,spa
Tom usa gafas de sol casi todo el tiempo.,spa,spa
Pareces pálido. ¿Qué te ocurre?,spa,spa
Está realmente loco por el surf.,spa,spa
Ellos te llevarán al aeropuerto.,spa,spa
Tom creates music playlists for retail shops.,eng,spa
Creo que a tus hermanas les va a gustar este libro.,spa,spa
"Fadil decided that he wanted to raise his family in a different environment than Cairo, so they moved to Alexandria.",eng,spa
Sami searched everywhere.,eng,spa
La blanca nieve cubrió los rojos techos.,spa,spa
Nada sospechoso ocurrió en la primera noche.,spa,spa
Let's get them.,eng,spa
"Gracias por venir, chicos. ¡Hasta la próxima clase!",spa,eng
Mary stopped in her tracks.,eng,spa
Eleven o'clock is my regular time for going to bed.,eng,spa
"El anciano probó el bálsamo con su lengua, y lo encontró bueno.",spa,spa
Tom lives with his family in Boston.,eng,spa
No entiendo esa expresión.,spa,spa
No queda nada de queso.,spa,spa
Tom never felt sorry for himself.,eng,spa
Los sábados por la noche es difícil encontrar aparcamiento por aquí.,spa,spa
He took his place at the table.,eng,spa
Esto es insubordinación.,spa,spa
Le encontramos con vida.,spa,spa
Quiero cumplir las promesas que hice.,spa,spa
La madre busca una niñera.,spa,spa
¿Come Marika en los restaurantes japoneses?,spa,spa
Un murciélago mordió a Tom.,spa,spa
Encontré una planaria terrestre en el jardín.,spa,spa
Is your new computer working well?,eng,spa
"Cuando menos esperábamos, él apareció.",spa,spa
Hay que cambiar la bujía.,spa,spa
La clema permite múltiples conexiones.,spa,spa
Recently I'm ending up feeling like every single thing is a chore.,eng,spa
Los indios lucharon con arcos y flechas.,spa,spa
Tom and Mary are looking forward to your coming.,eng,spa
Tom is checking things out.,eng,eng
I need to buy a bag of cement.,eng,eng
Estoy seguro de que Tom no estaría en contra.,spa,spa
You won't believe what I heard.,eng,spa
Te veré el próximo mes.,spa,spa
Maybe we should tell her.,eng,eng
¿Qué te hace reír?,spa,eng
"He'll come after us, won't he?",eng,spa
Vi béisbol por la TV después de terminar mis deberes.,spa,spa
I'm traveling to Spain.,eng,spa
¿Es té de jazmín?,spa,spa
Tickets go on sale Monday.,eng,spa
Me acerco a recogerte mañana por la mañana.,spa,spa
cuando me desperte todavia estaba oscuro fuera,spa,eng
The best way to know what a country is like is to go and see it with your own eyes.,eng,spa
I thoroughly enjoyed myself in Boston.,eng,spa
The bedraggled houses were finally destroyed by the platoon.,eng,spa
Primero tengo que llamar a Jim.,spa,spa
Tom said he's been asked not to do that.,eng,eng
¡Vengan a ver eso!,spa,spa
"He is not just kind, but honest too.",eng,spa
